date,is_promo_period,day_of_week,new_enterpriser_count,new_bee_count,transaction_volume_online,transaction_volume_offline,sales_ep_thousand_idr,top_product_id,new_bee_count_outlier
2022-01-01,0,Saturday,180,511,3442,1871,1018482,Protein E,0
2022-01-02,0,Sunday,168,478,4137,1621,1138112,Supplement A,0
2022-01-03,0,Monday,100,284,2609,1117,711536,Herbal D,0
2022-01-04,0,Tuesday,136,387,2876,1611,939052,Supplement A,0
2022-01-05,0,Wednesday,149,423,3327,1495,914561,Energy H,0
2022-01-06,0,Thursday,126,359,2758,1381,870948,Herbal D,0
2022-01-07,0,Friday,161,457,3629,1716,1144864,Skincare B,0
2022-01-08,0,Saturday,175,497,4423,2084,1372008,Herbal D,0
2022-01-09,0,Sunday,170,484,3206,1704,950976,Supplement A,0
2022-01-10,0,Monday,101,286,2299,1219,717920,Skincare B,0
2022-01-11,0,Tuesday,128,364,2874,1464,924426,Herbal D,0
2022-01-12,0,Wednesday,140,397,2839,1683,858737,Skincare B,0
2022-01-13,0,Thursday,158,450,3283,1602,1004055,Probiotic G,0
2022-01-14,0,Friday,160,454,3128,1463,892782,Skincare B,0
2022-01-15,0,Saturday,155,439,4573,2246,1325888,Protein E,0
2022-01-16,0,Sunday,153,435,4186,1838,1162309,Skincare B,0
2022-01-17,1,Monday,212,601,4501,1719,1318233,Skincare B,0
2022-01-18,1,Tuesday,225,637,6714,2026,1640736,Supplement A,0
2022-01-19,1,Wednesday,215,609,6067,2199,1633897,Supplement A,0
2022-01-20,1,Thursday,239,679,6717,2040,1875157,Probiotic G,0
2022-01-21,1,Friday,223,632,6735,2304,1817825,Skincare B,0
2022-01-22,1,Saturday,337,955,6617,2540,1818687,Energy H,0
2022-01-23,1,Sunday,336,952,6417,2390,1676496,Energy H,0
2022-01-24,1,Monday,236,668,4566,1751,1284050,Supplement A,0
2022-01-25,1,Tuesday,274,778,5927,2196,1631996,Supplement A,0
2022-01-26,1,Wednesday,235,666,5016,2288,1543785,Collagen F,0
2022-01-27,0,Thursday,126,358,2749,1764,963112,Supplement A,0
2022-01-28,0,Friday,146,413,2981,1846,1003895,Supplement A,0
2022-01-29,0,Saturday,172,488,4120,1887,1268516,Vitamin C,0
2022-01-30,0,Sunday,143,407,3788,2001,1105898,Skincare B,0
2022-01-31,0,Monday,133,376,2753,1293,811333,Supplement A,0
2022-02-01,0,Tuesday,96,272,2374,1280,701215,Skincare B,0
2022-02-02,0,Wednesday,90,256,2594,1146,793488,Probiotic G,0
2022-02-03,0,Thursday,90,256,2301,1311,691434,Supplement A,0
2022-02-04,0,Friday,133,379,2755,1338,853548,Collagen F,0
2022-02-05,0,Saturday,121,345,2812,1566,865562,Vitamin C,0
2022-02-06,0,Sunday,136,387,3103,1689,900668,Vitamin C,0
2022-02-07,0,Monday,83,237,2301,959,621702,Vitamin C,0
2022-02-08,0,Tuesday,104,295,2336,1157,742954,Vitamin C,0
2022-02-09,0,Wednesday,121,343,2541,1082,778867,Collagen F,0
2022-02-10,0,Thursday,125,355,2824,1383,799285,Vitamin C,0
2022-02-11,1,Friday,192,545,4857,1502,1248711,Detox I,0
2022-02-12,1,Saturday,232,659,6441,2025,1673645,Energy H,0
2022-02-13,1,Sunday,276,783,5565,2017,1437880,Skincare B,0
2022-02-14,1,Monday,192,546,3943,1349,1097768,Supplement A,0
2022-02-15,1,Tuesday,204,580,4646,1776,1218400,Detox I,0
2022-02-16,1,Wednesday,168,478,4206,1652,1202391,Skincare B,0
2022-02-17,1,Thursday,171,486,5190,1485,1353927,Herbal D,0
2022-02-18,0,Friday,112,319,2781,1366,883481,Supplement A,0
2022-02-19,0,Saturday,148,421,2965,1558,927896,Skincare B,0
2022-02-20,0,Sunday,118,336,3191,1293,891188,Immunity J,0
2022-02-21,0,Monday,105,298,1820,954,535259,Energy H,0
2022-02-22,0,Tuesday,122,347,2802,1209,761016,Collagen F,0
2022-02-23,0,Wednesday,115,328,2601,1442,827275,Supplement A,0
2022-02-24,0,Thursday,120,340,2367,1321,786163,Supplement A,0
2022-02-25,0,Friday,100,284,2400,1382,730570,Herbal D,0
2022-02-26,0,Saturday,149,422,2939,1678,890709,Vitamin C,0
2022-02-27,0,Sunday,146,414,3284,1305,907278,Skincare B,0
2022-02-28,0,Monday,73,208,2264,1089,646655,Protein E,0
2022-03-01,0,Tuesday,125,354,2805,1222,754085,Probiotic G,0
2022-03-02,0,Wednesday,140,399,2908,1578,908304,Supplement A,0
2022-03-03,0,Thursday,106,301,2705,1606,900497,Probiotic G,0
2022-03-04,0,Friday,151,430,2831,1433,801989,Collagen F,0
2022-03-05,0,Saturday,179,508,3573,1904,1038639,Energy H,0
2022-03-06,0,Sunday,164,465,3875,1853,1211142,Supplement A,0
2022-03-07,0,Monday,110,314,2265,1347,755150,Probiotic G,0
2022-03-08,0,Tuesday,137,388,2674,1561,797208,Probiotic G,0
2022-03-09,0,Wednesday,139,394,2637,1575,837383,Skincare B,0
2022-03-10,0,Thursday,136,386,2642,1233,739326,Skincare B,0
2022-03-11,0,Friday,150,427,3545,1451,1020405,Skincare B,0
2022-03-12,0,Saturday,185,525,3727,2086,1095519,Detox I,0
2022-03-13,0,Sunday,128,365,3872,1580,1026350,Vitamin C,0
2022-03-14,0,Monday,110,314,2258,1234,699596,Skincare B,0
2022-03-15,0,Tuesday,127,359,2671,1532,777768,Energy H,0
2022-03-16,0,Wednesday,125,355,3075,1547,948059,Skincare B,0
2022-03-17,0,Thursday,104,296,3028,1369,854853,Probiotic G,0
2022-03-18,0,Friday,144,408,2931,1469,867907,Vitamin C,0
2022-03-19,0,Saturday,146,415,3283,1804,1084603,Protein E,0
2022-03-20,0,Sunday,167,474,3528,1603,1033578,Supplement A,0
2022-03-21,1,Monday,175,497,4345,1572,1210861,Vitamin C,0
2022-03-22,1,Tuesday,224,636,4890,1835,1425938,Collagen F,0
2022-03-23,1,Wednesday,202,572,4685,1860,1335102,Skincare B,0
2022-03-24,1,Thursday,255,724,5757,1948,1477350,Supplement A,0
2022-03-25,1,Friday,205,582,5342,1986,1542486,Supplement A,0
2022-03-26,1,Saturday,284,807,7126,2155,1910870,Vitamin C,0
2022-03-27,1,Sunday,246,697,6621,1863,1760675,Collagen F,0
2022-03-28,1,Monday,163,463,4351,1390,1227075,Vitamin C,0
2022-03-29,1,Tuesday,192,545,4961,2049,1392843,Collagen F,0
2022-03-30,1,Wednesday,243,691,6152,1909,1721033,Probiotic G,0
2022-03-31,1,Thursday,239,678,5722,1860,1591591,Herbal D,0
2022-04-01,0,Friday,153,435,3364,1555,948263,Skincare B,0
2022-04-02,0,Saturday,167,473,4014,1870,1199173,Skincare B,0
2022-04-03,0,Sunday,124,353,3208,1597,935011,Herbal D,0
2022-04-04,0,Monday,89,254,2218,1276,720436,Supplement A,0
2022-04-05,0,Tuesday,120,341,2945,1417,834036,Vitamin C,0
2022-04-06,0,Wednesday,142,404,2982,1539,952583,Collagen F,0
2022-04-07,0,Thursday,119,338,2478,1390,803013,Probiotic G,0
2022-04-08,0,Friday,156,444,3068,1688,957782,Herbal D,0
2022-04-09,0,Saturday,143,407,3414,1828,974334,Skincare B,0
2022-04-10,0,Sunday,156,444,3339,1546,972221,Supplement A,0
2022-04-11,0,Monday,108,306,2076,1171,655672,Supplement A,0
2022-04-12,0,Tuesday,131,372,2597,1441,753121,Skincare B,0
2022-04-13,0,Wednesday,112,317,2765,1572,851673,Collagen F,0
2022-04-14,0,Thursday,140,396,2701,1276,738057,Vitamin C,0
2022-04-15,0,Friday,159,451,3011,1647,970899,Protein E,0
2022-04-16,0,Saturday,174,495,4242,1700,1102902,Supplement A,0
2022-04-17,0,Sunday,127,362,3623,1756,1030287,Protein E,0
2022-04-18,1,Monday,210,597,4041,1602,1170571,Supplement A,0
2022-04-19,1,Tuesday,258,732,6163,1651,1451609,Skincare B,0
2022-04-20,1,Wednesday,246,699,6155,1814,1645203,Supplement A,0
2022-04-21,1,Thursday,247,702,5620,1649,1513219,Probiotic G,0
2022-04-22,1,Friday,259,735,5184,2317,1563801,Skincare B,0
2022-04-23,1,Saturday,289,820,6666,2403,1770603,Probiotic G,0
2022-04-24,1,Sunday,305,866,5639,2518,1664579,Collagen F,0
2022-04-25,0,Monday,112,317,2385,1301,788672,Skincare B,0
2022-04-26,0,Tuesday,139,395,2965,1458,876051,Protein E,0
2022-04-27,0,Wednesday,115,326,3242,1612,910609,Probiotic G,0
2022-04-28,0,Thursday,114,323,2903,1515,867561,Supplement A,0
2022-04-29,0,Friday,153,433,2867,1448,901554,Skincare B,0
2022-04-30,0,Saturday,183,518,3986,1753,1063462,Energy H,0
2022-05-01,0,Sunday,126,358,3695,1727,1126393,Protein E,0
2022-05-02,1,Monday,203,576,4500,1698,1163932,Skincare B,0
2022-05-03,1,Tuesday,249,706,5123,1927,1404344,Vitamin C,0
2022-05-04,1,Wednesday,226,643,5843,1786,1572227,Skincare B,0
2022-05-05,1,Thursday,212,601,4824,1709,1232036,Vitamin C,0
2022-05-06,1,Friday,275,781,5326,1861,1433993,Protein E,0
2022-05-07,1,Saturday,350,992,7025,2255,1744786,Supplement A,0
2022-05-08,1,Sunday,248,704,5812,1900,1550297,Skincare B,0
2022-05-09,0,Monday,122,347,2485,1295,713620,Probiotic G,0
2022-05-10,0,Tuesday,125,356,3278,1506,952407,Vitamin C,0
2022-05-11,0,Wednesday,112,317,2552,1669,841379,Collagen F,0
2022-05-12,0,Thursday,121,345,2573,1532,766026,Supplement A,0
2022-05-13,0,Friday,139,395,3000,1830,910713,Collagen F,0
2022-05-14,0,Saturday,168,476,4109,1734,1172556,Vitamin C,0
2022-05-15,0,Sunday,146,414,3862,1999,1137980,Herbal D,0
2022-05-16,0,Monday,109,309,2629,1391,768759,Supplement A,0
2022-05-17,0,Tuesday,134,379,2652,1333,746199,Supplement A,0
2022-05-18,0,Wednesday,124,352,3040,1386,849545,Protein E,0
2022-05-19,0,Thursday,136,385,2917,1562,952760,Collagen F,0
2022-05-20,0,Friday,143,405,3351,1806,1019818,Herbal D,0
2022-05-21,0,Saturday,171,484,4254,2080,1185359,Supplement A,0
2022-05-22,0,Sunday,139,395,3756,1783,1072673,Supplement A,0
2022-05-23,0,Monday,112,318,2606,1393,799856,Vitamin C,0
2022-05-24,0,Tuesday,107,305,2555,1451,779846,Skincare B,0
2022-05-25,0,Wednesday,108,307,3376,1632,1012897,Energy H,0
2022-05-26,0,Thursday,150,425,3120,1380,837931,Collagen F,0
2022-05-27,0,Friday,135,385,3351,1802,981361,Herbal D,0
2022-05-28,0,Saturday,170,483,3790,1667,1066509,Skincare B,0
2022-05-29,0,Sunday,159,451,3880,1662,1140600,Skincare B,0
2022-05-30,0,Monday,122,347,2698,1251,784448,Skincare B,0
2022-05-31,0,Tuesday,119,337,3391,1443,968916,Detox I,0
2022-06-01,0,Wednesday,142,404,3192,1535,901096,Skincare B,0
2022-06-02,0,Thursday,147,418,3271,1699,949800,Herbal D,0
2022-06-03,0,Friday,168,477,3343,1804,970944,Detox I,0
2022-06-04,0,Saturday,179,509,3723,1812,1115441,Herbal D,0
2022-06-05,0,Sunday,136,386,4275,2093,1266235,Supplement A,0
2022-06-06,1,Monday,232,659,4846,1786,1328165,Skincare B,0
2022-06-07,1,Tuesday,280,795,6686,1866,1723552,Skincare B,0
2022-06-08,1,Wednesday,288,817,5861,2252,1711200,Skincare B,0
2022-06-09,1,Thursday,276,784,5700,2287,1599254,Collagen F,0
2022-06-10,1,Friday,249,707,5937,2243,1758430,Vitamin C,0
2022-06-11,1,Saturday,280,794,7579,2471,2025653,Herbal D,0
2022-06-12,1,Sunday,291,825,6540,2167,1792988,Herbal D,0
2022-06-13,1,Monday,188,533,5264,1451,1392295,Protein E,0
2022-06-14,1,Tuesday,279,791,5660,2127,1632329,Detox I,0
2022-06-15,1,Wednesday,250,710,5048,2029,1434546,Probiotic G,0
2022-06-16,1,Thursday,285,808,5760,2044,1550716,Protein E,0
2022-06-17,1,Friday,262,744,6631,1964,1711133,Detox I,0
2022-06-18,1,Saturday,303,859,7947,2715,2244915,Probiotic G,0
2022-06-19,1,Sunday,335,950,6679,2265,1847486,Collagen F,0
2022-06-20,0,Monday,128,362,2268,1147,696437,Energy H,0
2022-06-21,0,Tuesday,160,454,3411,1556,933564,Herbal D,0
2022-06-22,0,Wednesday,154,437,3123,1681,1018941,Supplement A,0
2022-06-23,0,Thursday,150,427,2981,1529,854045,Vitamin C,0
2022-06-24,0,Friday,150,426,3735,1547,989683,Probiotic G,0
2022-06-25,0,Saturday,182,515,3755,2288,1143900,Vitamin C,0
2022-06-26,0,Sunday,146,415,3479,1601,1062426,Probiotic G,0
2022-06-27,0,Monday,120,341,2371,1298,716801,Herbal D,0
2022-06-28,0,Tuesday,143,406,3112,1473,964496,Supplement A,0
2022-06-29,0,Wednesday,130,370,3170,1467,937405,Herbal D,0
2022-06-30,0,Thursday,160,455,2991,1822,985446,Skincare B,0
2022-07-01,0,Friday,142,403,3429,1743,964429,Herbal D,0
2022-07-02,0,Saturday,164,467,4318,1802,1278870,Herbal D,0
2022-07-03,0,Sunday,144,408,3697,1840,1136928,Protein E,0
2022-07-04,0,Monday,113,320,2753,1297,859013,Herbal D,0
2022-07-05,0,Tuesday,120,340,2959,1542,931575,Supplement A,0
2022-07-06,0,Wednesday,119,338,3237,1360,868671,Vitamin C,0
2022-07-07,0,Thursday,151,428,3042,1694,994153,Skincare B,0
2022-07-08,0,Friday,155,441,3239,1778,1040509,Skincare B,0
2022-07-09,0,Saturday,142,404,4398,1722,1309649,Probiotic G,0
2022-07-10,0,Sunday,164,467,4074,2030,1276576,Skincare B,0
2022-07-11,1,Monday,219,621,3960,1621,1108629,Protein E,0
2022-07-12,1,Tuesday,254,720,5730,2120,1673688,Supplement A,0
2022-07-13,1,Wednesday,216,613,4793,2156,1402601,Energy H,0
2022-07-14,1,Thursday,215,610,4859,2122,1481938,Skincare B,0
2022-07-15,1,Friday,250,709,5389,2370,1506261,Vitamin C,0
2022-07-16,1,Saturday,262,743,7996,2207,2026410,Protein E,0
2022-07-17,1,Sunday,307,872,7490,2230,2014645,Supplement A,0
2022-07-18,1,Monday,193,547,4089,1603,1122709,Energy H,0
2022-07-19,1,Tuesday,199,565,5385,1905,1556536,Probiotic G,0
2022-07-20,1,Wednesday,205,582,5917,1965,1689390,Skincare B,0
2022-07-21,1,Thursday,231,655,5085,1720,1432050,Vitamin C,0
2022-07-22,0,Friday,148,420,3414,1685,946582,Collagen F,0
2022-07-23,0,Saturday,151,427,3447,1979,1014978,Collagen F,0
2022-07-24,0,Sunday,137,388,3275,1988,1025531,Supplement A,0
2022-07-25,0,Monday,123,350,2143,1395,669887,Supplement A,0
2022-07-26,0,Tuesday,118,335,2740,1591,804584,Supplement A,0
2022-07-27,0,Wednesday,143,407,2799,1438,805993,Supplement A,0
2022-07-28,0,Thursday,141,401,3062,1631,935255,Collagen F,0
2022-07-29,0,Friday,141,400,2898,1643,968878,Supplement A,0
2022-07-30,0,Saturday,183,520,4321,1959,1248095,Detox I,0
2022-07-31,0,Sunday,129,367,3567,1742,1091439,Vitamin C,0
2022-08-01,0,Monday,124,352,2203,1104,672144,Supplement A,0
2022-08-02,0,Tuesday,119,339,3166,1544,917298,Immunity J,0
2022-08-03,0,Wednesday,131,373,3003,1571,859799,Protein E,0
2022-08-04,0,Thursday,147,417,3185,1646,998206,Supplement A,0
2022-08-05,0,Friday,138,392,3024,1566,911596,Vitamin C,0
2022-08-06,0,Saturday,142,404,3817,2048,1150883,Supplement A,0
2022-08-07,0,Sunday,177,503,3132,1979,959829,Supplement A,0
2022-08-08,0,Monday,117,334,2769,1287,821721,Herbal D,0
2022-08-09,0,Tuesday,122,347,2706,1459,853659,Collagen F,0
2022-08-10,0,Wednesday,148,420,3256,1741,1014452,Skincare B,0
2022-08-11,0,Thursday,134,381,2791,1599,841683,Supplement A,0
2022-08-12,0,Friday,159,450,3169,1780,1000801,Collagen F,0
2022-08-13,0,Saturday,188,534,4470,2143,1345131,Herbal D,0
2022-08-14,0,Sunday,128,363,4073,1983,1168949,Supplement A,0
2022-08-15,1,Monday,216,612,4429,1547,1106654,Probiotic G,0
2022-08-16,1,Tuesday,248,704,5494,1748,1477332,Supplement A,0
2022-08-17,1,Wednesday,264,748,5180,1912,1384549,Skincare B,0
2022-08-18,1,Thursday,262,743,6137,2000,1526083,Supplement A,0
2022-08-19,1,Friday,230,651,6339,2228,1654828,Protein E,0
2022-08-20,1,Saturday,309,876,7133,2340,1967052,Supplement A,0
2022-08-21,1,Sunday,279,792,6259,2440,1736311,Protein E,0
2022-08-22,1,Monday,168,478,4562,1678,1155839,Skincare B,0
2022-08-23,1,Tuesday,218,617,5059,1820,1340329,Supplement A,0
2022-08-24,1,Wednesday,265,751,5127,1894,1447099,Vitamin C,0
2022-08-25,1,Thursday,272,772,6203,1713,1669111,Supplement A,0
2022-08-26,0,Friday,117,333,3737,1839,1127872,Herbal D,0
2022-08-27,0,Saturday,181,513,3837,1740,1035234,Skincare B,0
2022-08-28,0,Sunday,172,488,3756,1994,1222410,Supplement A,0
2022-08-29,0,Monday,122,348,2356,1310,735835,Skincare B,0
2022-08-30,0,Tuesday,122,348,2928,1461,834103,Vitamin C,0
2022-08-31,0,Wednesday,113,321,3087,1726,940851,Protein E,0
2022-09-01,0,Thursday,147,416,3370,1417,906625,Supplement A,0
2022-09-02,0,Friday,147,418,3586,1741,1013804,Collagen F,0
2022-09-03,0,Saturday,168,477,4245,2126,1264434,Energy H,0
2022-09-04,0,Sunday,159,451,3785,1886,1196169,Herbal D,0
2022-09-05,1,Monday,177,502,4122,1609,1112298,Skincare B,0
2022-09-06,1,Tuesday,205,582,5720,1862,1505462,Supplement A,0
2022-09-07,1,Wednesday,273,776,4984,2191,1511476,Herbal D,0
2022-09-08,1,Thursday,245,695,5647,2008,1598015,Probiotic G,0
2022-09-09,1,Friday,259,735,6744,2232,1747140,Vitamin C,0
2022-09-10,1,Saturday,274,776,6354,2230,1819583,Skincare B,0
2022-09-11,1,Sunday,311,882,6756,2104,1704950,Vitamin C,0
2022-09-12,1,Monday,199,563,4780,1474,1226944,Skincare B,0
2022-09-13,1,Tuesday,237,672,5444,2037,1561111,Herbal D,0
2022-09-14,1,Wednesday,206,586,5028,2086,1376732,Protein E,0
2022-09-15,0,Thursday,140,397,3472,1721,1012639,Herbal D,0
2022-09-16,0,Friday,124,353,3193,1906,1050161,Skincare B,0
2022-09-17,0,Saturday,175,497,4486,1869,1247488,Collagen F,0
2022-09-18,0,Sunday,174,494,3843,2008,1212112,Protein E,0
2022-09-19,0,Monday,111,315,2685,1256,771863,Skincare B,0
2022-09-20,0,Tuesday,117,333,2835,1758,916708,Skincare B,0
2022-09-21,0,Wednesday,115,327,2708,1711,830923,Collagen F,0
2022-09-22,0,Thursday,149,422,3460,1336,935713,Collagen F,0
2022-09-23,0,Friday,124,353,3229,1506,994067,Collagen F,0
2022-09-24,0,Saturday,189,536,3576,1950,1090422,Protein E,0
2022-09-25,0,Sunday,142,403,3604,1714,1103251,Vitamin C,0
2022-09-26,0,Monday,111,317,2432,1409,764629,Collagen F,0
2022-09-27,0,Tuesday,126,359,3526,1780,1055100,Skincare B,0
2022-09-28,0,Wednesday,127,361,3136,1772,1028259,Collagen F,0
2022-09-29,0,Thursday,115,328,2878,1621,950294,Herbal D,0
2022-09-30,0,Friday,123,349,3710,1857,1077503,Collagen F,0
2022-10-01,0,Saturday,156,444,4470,1782,1238672,Energy H,0
2022-10-02,0,Sunday,141,401,3621,1754,998675,Supplement A,0
2022-10-03,0,Monday,110,314,2381,1485,758692,Supplement A,0
2022-10-04,0,Tuesday,154,437,3434,1628,1056649,Supplement A,0
2022-10-05,0,Wednesday,123,349,3427,1650,960384,Protein E,0
2022-10-06,0,Thursday,131,371,2656,1362,774179,Collagen F,0
2022-10-07,0,Friday,146,416,3600,1699,997990,Skincare B,0
2022-10-08,0,Saturday,159,450,3453,1950,1128238,Vitamin C,0
2022-10-09,0,Sunday,135,384,4133,1896,1118337,Vitamin C,0
2022-10-10,1,Monday,186,528,4284,1624,1201948,Skincare B,0
2022-10-11,1,Tuesday,240,681,6067,1751,1674925,Supplement A,0
2022-10-12,1,Wednesday,250,708,5796,2294,1631142,Skincare B,0
2022-10-13,1,Thursday,245,695,6021,2290,1600777,Supplement A,0
2022-10-14,1,Friday,295,837,5960,2313,1686432,Collagen F,0
2022-10-15,1,Saturday,344,976,7039,2213,1863171,Collagen F,0
2022-10-16,1,Sunday,258,732,7407,2339,2006327,Herbal D,0
2022-10-17,0,Monday,123,351,2259,1407,728545,Skincare B,0
2022-10-18,0,Tuesday,112,318,2850,1351,894817,Vitamin C,0
2022-10-19,0,Wednesday,157,447,3175,1451,960351,Supplement A,0
2022-10-20,0,Thursday,127,361,3399,1739,1001692,Supplement A,0
2022-10-21,0,Friday,138,391,3783,1817,1186299,Skincare B,0
2022-10-22,0,Saturday,201,570,4012,2006,1280205,Vitamin C,0
2022-10-23,0,Sunday,175,498,3956,1618,1131932,Collagen F,0
2022-10-24,0,Monday,113,321,2466,1139,738403,Skincare B,0
2022-10-25,0,Tuesday,139,395,3071,1660,925130,Supplement A,0
2022-10-26,0,Wednesday,152,432,3003,1806,929275,Detox I,0
2022-10-27,0,Thursday,156,443,2743,1636,857843,Collagen F,0
2022-10-28,0,Friday,154,439,3857,1516,1091939,Collagen F,0
2022-10-29,0,Saturday,143,407,3504,2181,1114202,Skincare B,0
2022-10-30,0,Sunday,163,461,3830,1956,1235106,Skincare B,0
2022-10-31,0,Monday,122,347,2671,1318,785597,Herbal D,0
2022-11-01,0,Tuesday,135,382,3062,1854,983059,Skincare B,0
2022-11-02,0,Wednesday,151,430,3218,1608,957421,Immunity J,0
2022-11-03,0,Thursday,137,388,3900,1728,1061886,Probiotic G,0
2022-11-04,0,Friday,157,446,4193,1842,1132369,Protein E,0
2022-11-05,0,Saturday,214,606,4200,2118,1181138,Herbal D,0
2022-11-06,0,Sunday,200,567,4527,2177,1426743,Herbal D,0
2022-11-07,0,Monday,136,386,2889,1277,795828,Supplement A,0
2022-11-08,0,Tuesday,164,465,2979,1764,929947,Collagen F,0
2022-11-09,0,Wednesday,151,429,3591,1521,993152,Immunity J,0
2022-11-10,0,Thursday,160,455,3502,1878,1128186,Supplement A,0
2022-11-11,0,Friday,188,533,3915,1849,1183944,Skincare B,0
2022-11-12,0,Saturday,216,614,4826,2319,1360828,Detox I,0
2022-11-13,0,Sunday,171,486,4611,1779,1205951,Supplement A,0
2022-11-14,1,Monday,201,570,5060,1965,1372549,Energy H,0
2022-11-15,1,Tuesday,315,893,7110,2061,1871358,Herbal D,0
2022-11-16,1,Wednesday,238,676,6063,2251,1663441,Supplement A,0
2022-11-17,1,Thursday,320,907,5778,2336,1676506,Herbal D,0
2022-11-18,1,Friday,335,950,7098,2644,1810562,Supplement A,0
2022-11-19,1,Saturday,371,1053,8448,2986,2378372,Vitamin C,0
2022-11-20,1,Sunday,342,971,7611,2735,2003918,Energy H,0
2022-11-21,1,Monday,228,646,5848,1956,1513375,Supplement A,0
2022-11-22,1,Tuesday,232,659,6341,2223,1636757,Herbal D,0
2022-11-23,1,Wednesday,258,731,6884,2392,1955597,Detox I,0
2022-11-24,0,Thursday,129,367,3357,1779,999329,Vitamin C,0
2022-11-25,0,Friday,148,419,3489,1658,997006,Skincare B,0
2022-11-26,0,Saturday,199,565,4137,2482,1256226,Skincare B,0
2022-11-27,0,Sunday,181,515,3895,2226,1223881,Vitamin C,0
2022-11-28,0,Monday,124,352,2737,1244,849374,Vitamin C,0
2022-11-29,0,Tuesday,175,496,3200,1672,908706,Vitamin C,0
2022-11-30,0,Wednesday,170,483,3663,1735,1085541,Probiotic G,0
2022-12-01,0,Thursday,157,444,4188,2006,1287829,Skincare B,0
2022-12-02,0,Friday,167,475,4144,1843,1206959,Supplement A,0
2022-12-03,0,Saturday,206,585,5194,2247,1597379,Protein E,0
2022-12-04,0,Sunday,164,464,5070,2148,1507457,Skincare B,0
2022-12-05,0,Monday,154,439,3361,1420,957508,Vitamin C,0
2022-12-06,0,Tuesday,134,382,3354,1787,1024150,Vitamin C,0
2022-12-07,0,Wednesday,167,474,3782,1785,1132283,Supplement A,0
2022-12-08,0,Thursday,189,538,4037,1769,1132699,Collagen F,0
2022-12-09,0,Friday,176,499,4324,1912,1306270,Skincare B,0
2022-12-10,0,Saturday,219,622,5519,2472,1669341,Protein E,0
2022-12-11,0,Sunday,203,576,3817,2207,1289209,Collagen F,0
2022-12-12,1,Monday,272,773,5926,2136,1632600,Supplement A,0
2022-12-13,1,Tuesday,313,887,7231,2662,1874063,Protein E,0
2022-12-14,1,Wednesday,248,704,7922,2133,1865887,Skincare B,0
2022-12-15,1,Thursday,261,741,7385,2351,2027513,Energy H,0
2022-12-16,1,Friday,366,1039,8081,2268,1957435,Supplement A,0
2022-12-17,1,Saturday,359,1018,9383,3119,2430546,Supplement A,0
2022-12-18,1,Sunday,406,1150,7861,2730,2204619,Protein E,0
2022-12-19,1,Monday,261,741,6143,2075,1567730,Skincare B,0
2022-12-20,1,Tuesday,306,867,6420,2764,1781038,Skincare B,0
2022-12-21,1,Wednesday,268,760,7431,2289,1899911,Energy H,0
2022-12-22,1,Thursday,332,940,6527,2148,1780965,Skincare B,0
2022-12-23,1,Friday,380,1077,8289,2974,2355526,Skincare B,0
2022-12-24,1,Saturday,355,1006,9547,2960,2479778,Skincare B,0
2022-12-25,1,Sunday,351,997,7533,2895,2221067,Protein E,0
2022-12-26,0,Monday,117,332,3255,1614,936180,Protein E,0
2022-12-27,0,Tuesday,164,465,3949,1641,1103460,Protein E,0
2022-12-28,0,Wednesday,139,394,4102,1615,1152035,Energy H,0
2022-12-29,0,Thursday,157,445,4290,2113,1276268,Supplement A,0
2022-12-30,0,Friday,205,581,3880,2139,1277461,Supplement A,0
2022-12-31,0,Saturday,213,606,4912,2593,1599316,Energy H,0
2023-01-01,0,Sunday,161,456,4743,1920,1416480,Immunity J,0
2023-01-02,0,Monday,123,350,2989,1693,1001310,Energy H,0
2023-01-03,0,Tuesday,175,497,3077,1841,925661,Detox I,0
2023-01-04,0,Wednesday,142,404,4139,1828,1192310,Energy H,0
2023-01-05,0,Thursday,174,493,3576,1639,982398,Supplement A,0
2023-01-06,0,Friday,164,466,3617,1767,1115018,Collagen F,0
2023-01-07,0,Saturday,203,575,4982,2087,1489327,Probiotic G,0
2023-01-08,0,Sunday,204,578,4285,1868,1261842,Supplement A,0
2023-01-09,0,Monday,111,317,2842,1387,815450,Skincare B,0
2023-01-10,0,Tuesday,169,479,4110,1701,1201055,Supplement A,0
2023-01-11,0,Wednesday,163,463,3828,1571,1017963,Skincare B,0
2023-01-12,0,Thursday,149,424,3622,2024,1163678,Skincare B,0
2023-01-13,0,Friday,144,409,4399,1835,1268237,Supplement A,0
2023-01-14,0,Saturday,172,488,4154,2490,1349875,Vitamin C,0
2023-01-15,0,Sunday,186,528,4239,2162,1311711,Supplement A,0
2023-01-16,1,Monday,216,614,5992,2141,1524580,Vitamin C,0
2023-01-17,1,Tuesday,308,874,5860,2365,1536863,Herbal D,0
2023-01-18,1,Wednesday,288,816,6858,2077,1740926,Vitamin C,0
2023-01-19,1,Thursday,247,702,6120,2380,1595690,Vitamin C,0
2023-01-20,1,Friday,345,978,7152,2519,1921665,Supplement A,0
2023-01-21,1,Saturday,363,1030,9392,3174,2473974,Collagen F,0
2023-01-22,1,Sunday,369,1048,8117,2369,2048291,Supplement A,0
2023-01-23,1,Monday,281,798,6308,1680,1701549,Supplement A,0
2023-01-24,1,Tuesday,278,789,7268,2512,2096342,Herbal D,0
2023-01-25,1,Wednesday,280,793,7723,2245,2104131,Probiotic G,0
2023-01-26,0,Thursday,148,422,3837,1907,1155572,Protein E,0
2023-01-27,0,Friday,159,451,3551,1987,1112391,Protein E,0
2023-01-28,0,Saturday,179,509,3966,1996,1156335,Protein E,0
2023-01-29,0,Sunday,187,530,4338,2357,1288287,Skincare B,0
2023-01-30,0,Monday,119,337,3420,1614,948331,Collagen F,0
2023-01-31,0,Tuesday,151,429,3935,2032,1106695,Supplement A,0
2023-02-01,0,Wednesday,105,297,2463,1474,811410,Supplement A,0
2023-02-02,0,Thursday,133,378,2781,1318,785032,Probiotic G,0
2023-02-03,0,Friday,111,315,3099,1450,952895,Protein E,0
2023-02-04,0,Saturday,147,416,3778,1930,1110890,Skincare B,0
2023-02-05,0,Sunday,126,358,3547,1550,988894,Supplement A,0
2023-02-06,0,Monday,118,335,2653,1338,813285,Vitamin C,0
2023-02-07,0,Tuesday,122,348,3277,1625,1005597,Collagen F,0
2023-02-08,0,Wednesday,115,325,2799,1284,801467,Collagen F,0
2023-02-09,0,Thursday,121,345,3173,1350,932766,Collagen F,0
2023-02-10,1,Friday,282,801,5849,2265,1636744,Supplement A,0
2023-02-11,1,Saturday,264,750,6201,2458,1841481,Probiotic G,0
2023-02-12,1,Sunday,229,650,6700,1970,1673776,Protein E,0
2023-02-13,1,Monday,196,556,4912,1385,1308837,Protein E,0
2023-02-14,1,Tuesday,233,660,5291,2045,1430438,Energy H,0
2023-02-15,1,Wednesday,188,533,6024,2097,1530966,Immunity J,0
2023-02-16,1,Thursday,226,642,4916,1900,1302778,Energy H,0
2023-02-17,0,Friday,135,384,3368,1499,978313,Skincare B,0
2023-02-18,0,Saturday,144,409,3703,1842,1042228,Detox I,0
2023-02-19,0,Sunday,144,408,3748,1912,1110045,Vitamin C,0
2023-02-20,0,Monday,104,297,2193,1069,628989,Energy H,0
2023-02-21,0,Tuesday,127,360,2813,1292,800047,Skincare B,0
2023-02-22,0,Wednesday,138,392,2885,1509,903166,Skincare B,0
2023-02-23,0,Thursday,138,391,3291,1504,957647,Supplement A,0
2023-02-24,0,Friday,147,418,2809,1662,892632,Energy H,0
2023-02-25,0,Saturday,160,455,3855,1604,1015454,Probiotic G,0
2023-02-26,0,Sunday,169,480,3582,1840,1070149,Probiotic G,0
2023-02-27,0,Monday,92,263,2548,1023,714814,Skincare B,0
2023-02-28,0,Tuesday,129,366,3036,1496,904116,Vitamin C,0
2023-03-01,0,Wednesday,115,328,3338,1403,952384,Skincare B,0
2023-03-02,0,Thursday,165,467,2812,1798,946068,Collagen F,0
2023-03-03,0,Friday,174,495,3134,1561,889547,Supplement A,0
2023-03-04,0,Saturday,182,516,4610,1959,1293481,Skincare B,0
2023-03-05,0,Sunday,160,455,3960,2228,1186708,Protein E,0
2023-03-06,0,Monday,131,373,2859,1513,908447,Supplement A,0
2023-03-07,0,Tuesday,135,382,3346,1427,884358,Supplement A,0
2023-03-08,0,Wednesday,141,400,3230,1788,1013514,Probiotic G,0
2023-03-09,0,Thursday,120,342,3324,1422,908111,Probiotic G,0
2023-03-10,0,Friday,173,492,3535,1538,949820,Energy H,0
2023-03-11,0,Saturday,206,586,4303,1815,1302295,Skincare B,0
2023-03-12,0,Sunday,194,551,3995,2094,1256655,Skincare B,0
2023-03-13,0,Monday,99,282,2462,1263,782397,Skincare B,0
2023-03-14,0,Tuesday,161,458,3135,1777,929343,Detox I,0
2023-03-15,0,Wednesday,153,433,3304,1886,968510,Vitamin C,0
2023-03-16,0,Thursday,158,450,3146,1785,1053487,Skincare B,0
2023-03-17,0,Friday,168,476,3066,1663,1015683,Vitamin C,0
2023-03-18,0,Saturday,172,487,4793,2073,1410213,Protein E,0
2023-03-19,0,Sunday,142,403,4042,2126,1273033,Supplement A,0
2023-03-20,1,Monday,190,540,5404,1828,1498395,Skincare B,0
2023-03-21,1,Tuesday,225,638,5215,1996,1411895,Skincare B,0
2023-03-22,1,Wednesday,227,645,5552,2086,1540143,Vitamin C,0
2023-03-23,1,Thursday,217,617,5860,1861,1566909,Skincare B,0
2023-03-24,1,Friday,272,770,6207,2213,1579095,Probiotic G,0
2023-03-25,1,Saturday,385,1092,8976,2774,2233527,Skincare B,0
2023-03-26,1,Sunday,269,764,6807,2499,1739272,Vitamin C,0
2023-03-27,1,Monday,212,600,5069,1538,1272184,Skincare B,0
2023-03-28,1,Tuesday,274,779,6312,1929,1551031,Skincare B,0
2023-03-29,1,Wednesday,305,866,5832,2201,1679879,Skincare B,0
2023-03-30,1,Thursday,247,701,6725,2354,1944964,Supplement A,0
2023-03-31,1,Friday,266,753,7528,2090,1869984,Detox I,0
2023-04-01,0,Saturday,213,603,3987,2251,1245917,Herbal D,0
2023-04-02,0,Sunday,152,432,3776,2147,1165575,Supplement A,0
2023-04-03,0,Monday,121,342,2836,1398,869881,Herbal D,0
2023-04-04,0,Tuesday,165,469,3288,1767,1001666,Skincare B,0
2023-04-05,0,Wednesday,152,432,3646,1811,1076525,Vitamin C,0
2023-04-06,0,Thursday,149,423,3071,1743,993884,Collagen F,0
2023-04-07,0,Friday,130,369,4125,1787,1164806,Vitamin C,0
2023-04-08,0,Saturday,210,596,4509,2159,1391755,Skincare B,0
2023-04-09,0,Sunday,192,545,3975,2047,1129422,Collagen F,0
2023-04-10,0,Monday,125,355,2646,1444,762085,Detox I,0
2023-04-11,0,Tuesday,152,430,3234,1793,1075634,Vitamin C,0
2023-04-12,0,Wednesday,117,333,3094,1673,956088,Herbal D,0
2023-04-13,0,Thursday,146,416,3282,1614,1019201,Herbal D,0
2023-04-14,0,Friday,154,437,3437,1545,937295,Vitamin C,0
2023-04-15,0,Saturday,213,605,3781,2419,1173351,Skincare B,0
2023-04-16,0,Sunday,166,470,3595,1960,1107027,Vitamin C,0
2023-04-17,1,Monday,235,667,4852,1668,1364672,Supplement A,0
2023-04-18,1,Tuesday,298,845,6458,2253,1654485,Detox I,0
2023-04-19,1,Wednesday,240,681,5582,1921,1514071,Energy H,0
2023-04-20,1,Thursday,239,678,6012,1938,1623504,Vitamin C,0
2023-04-21,1,Friday,237,674,6914,2102,1828139,Skincare B,0
2023-04-22,1,Saturday,364,1033,7226,2949,2129239,Supplement A,0
2023-04-23,1,Sunday,268,760,8125,2291,2028823,Vitamin C,0
2023-04-24,0,Monday,108,308,3082,1401,915308,Herbal D,0
2023-04-25,0,Tuesday,149,423,3438,1598,1059400,Herbal D,0
2023-04-26,0,Wednesday,159,452,3559,1574,1044229,Supplement A,0
2023-04-27,0,Thursday,124,353,2968,1578,865973,Protein E,0
2023-04-28,0,Friday,155,441,3533,1614,1011443,Supplement A,0
2023-04-29,0,Saturday,193,546,4544,2241,1458754,Herbal D,0
2023-04-30,0,Sunday,169,479,3533,1870,1072657,Supplement A,0
2023-05-01,1,Monday,209,594,4397,1589,1253806,Detox I,0
2023-05-02,1,Tuesday,266,756,6204,2268,1672956,Collagen F,0
2023-05-03,1,Wednesday,265,751,5437,1847,1513846,Skincare B,0
2023-05-04,1,Thursday,244,693,6288,1937,1634469,Protein E,0
2023-05-05,1,Friday,315,893,6818,2054,1671717,Collagen F,0
2023-05-06,1,Saturday,381,1079,7646,3022,1986897,Protein E,0
2023-05-07,1,Sunday,320,906,8424,2237,2237766,Collagen F,0
2023-05-08,0,Monday,111,314,3212,1375,896562,Collagen F,0
2023-05-09,0,Tuesday,141,399,3865,1822,1092520,Collagen F,0
2023-05-10,0,Wednesday,148,421,3217,1790,1021343,Supplement A,0
2023-05-11,0,Thursday,125,355,3072,1536,860685,Skincare B,0
2023-05-12,0,Friday,143,407,3682,1723,1114087,Skincare B,0
2023-05-13,0,Saturday,169,480,4779,2472,1489202,Supplement A,0
2023-05-14,0,Sunday,198,563,4320,2239,1408706,Probiotic G,0
2023-05-15,0,Monday,103,294,3107,1294,908110,Collagen F,0
2023-05-16,0,Tuesday,158,448,3553,1682,1059159,Skincare B,0
2023-05-17,0,Wednesday,140,397,3327,1755,1074353,Supplement A,0
2023-05-18,0,Thursday,145,412,3152,1909,992321,Energy H,0
2023-05-19,0,Friday,146,415,3104,1974,1051053,Protein E,0
2023-05-20,0,Saturday,182,517,4538,2070,1235034,Vitamin C,0
2023-05-21,0,Sunday,153,435,3905,1822,1105632,Collagen F,0
2023-05-22,0,Monday,113,320,2872,1431,858707,Skincare B,0
2023-05-23,0,Tuesday,154,437,2924,1488,919975,Vitamin C,0
2023-05-24,0,Wednesday,125,355,3747,1662,1000774,Energy H,0
2023-05-25,0,Thursday,129,367,3576,1505,1039064,Supplement A,0
2023-05-26,0,Friday,181,513,3409,1913,1024547,Skincare B,0
2023-05-27,0,Saturday,212,603,3901,2100,1165185,Protein E,0
2023-05-28,0,Sunday,154,439,4185,2121,1166815,Vitamin C,0
2023-05-29,0,Monday,104,296,2582,1482,752972,Protein E,0
2023-05-30,0,Tuesday,161,458,3887,1656,1047434,Supplement A,0
2023-05-31,0,Wednesday,139,394,3627,1493,995330,Probiotic G,0
2023-06-01,0,Thursday,134,379,3892,1935,1101270,Immunity J,0
2023-06-02,0,Friday,145,411,3921,1656,1140499,Vitamin C,0
2023-06-03,0,Saturday,213,604,4784,2062,1351066,Protein E,0
2023-06-04,0,Sunday,205,582,3721,1869,1160335,Herbal D,0
2023-06-05,1,Monday,227,643,6299,1806,1533424,Skincare B,0
2023-06-06,1,Tuesday,242,688,6772,2375,1858924,Collagen F,0
2023-06-07,1,Wednesday,305,865,7363,2416,1897609,Vitamin C,0
2023-06-08,1,Thursday,286,812,7166,2165,1741510,Probiotic G,0
2023-06-09,1,Friday,359,1018,7195,2203,1879482,Herbal D,0
2023-06-10,1,Saturday,369,1047,9767,3387,2802035,Supplement A,0
2023-06-11,1,Sunday,381,1080,8040,2615,2189477,Collagen F,0
2023-06-12,1,Monday,276,783,5993,1639,1427382,Skincare B,0
2023-06-13,1,Tuesday,238,676,5800,2512,1664048,Herbal D,0
2023-06-14,1,Wednesday,286,811,6514,2452,1680881,Vitamin C,0
2023-06-15,1,Thursday,298,845,6239,2181,1686855,Supplement A,0
2023-06-16,1,Friday,343,974,7302,2416,1982752,Collagen F,0
2023-06-17,1,Saturday,390,1107,7449,3139,2190643,Probiotic G,0
2023-06-18,1,Sunday,284,806,6917,2678,1905578,Herbal D,0
2023-06-19,0,Monday,119,339,3221,1610,911045,Protein E,0
2023-06-20,0,Tuesday,166,471,3255,2056,1065865,Collagen F,0
2023-06-21,0,Wednesday,167,474,3259,1608,1014446,Skincare B,0
2023-06-22,0,Thursday,176,501,3917,1555,1144814,Skincare B,0
2023-06-23,0,Friday,141,400,4162,2001,1154404,Vitamin C,0
2023-06-24,0,Saturday,188,535,4639,2366,1373194,Skincare B,0
2023-06-25,0,Sunday,157,445,4373,2282,1276775,Vitamin C,0
2023-06-26,0,Monday,107,305,3338,1390,941595,Skincare B,0
2023-06-27,0,Tuesday,135,385,4097,2008,1230682,Energy H,0
2023-06-28,0,Wednesday,169,478,3542,1717,1038587,Protein E,0
2023-06-29,0,Thursday,142,404,3171,1746,983701,Probiotic G,0
2023-06-30,0,Friday,148,421,4281,2244,1393886,Supplement A,0
2023-07-01,0,Saturday,185,526,4101,2420,1270414,Herbal D,0
2023-07-02,0,Sunday,142,404,3682,2061,1114815,Herbal D,0
2023-07-03,0,Monday,120,341,2925,1420,904535,Supplement A,0
2023-07-04,0,Tuesday,168,476,3699,1584,978365,Vitamin C,0
2023-07-05,0,Wednesday,132,376,3274,1891,1091446,Energy H,0
2023-07-06,0,Thursday,120,342,3595,1896,1135629,Supplement A,0
2023-07-07,0,Friday,160,455,3418,1850,984045,Immunity J,0
2023-07-08,0,Saturday,202,574,3860,2476,1342716,Vitamin C,0
2023-07-09,0,Sunday,186,528,3900,2316,1165792,Supplement A,0
2023-07-10,1,Monday,196,556,5786,1593,1490813,Vitamin C,0
2023-07-11,1,Tuesday,318,901,5860,2043,1536740,Collagen F,0
2023-07-12,1,Wednesday,292,828,6814,2081,1718146,Supplement A,0
2023-07-13,1,Thursday,243,690,6901,2258,1737117,Supplement A,0
2023-07-14,1,Friday,291,825,6685,2405,1944705,Supplement A,0
2023-07-15,1,Saturday,325,921,7580,2499,1912273,Protein E,0
2023-07-16,1,Sunday,360,1020,7964,2242,2144053,Skincare B,0
2023-07-17,1,Monday,193,548,4891,1751,1331081,Protein E,0
2023-07-18,1,Tuesday,249,707,7316,1895,1815780,Vitamin C,0
2023-07-19,1,Wednesday,297,843,5901,2181,1690082,Supplement A,0
2023-07-20,1,Thursday,225,638,7014,2527,1802499,Collagen F,0
2023-07-21,0,Friday,152,431,3872,1944,1177563,Skincare B,0
2023-07-22,0,Saturday,210,596,3784,1920,1209675,Vitamin C,0
2023-07-23,0,Sunday,151,428,4569,2238,1327000,Supplement A,0
2023-07-24,0,Monday,121,343,2581,1465,848246,Skincare B,0
2023-07-25,0,Tuesday,123,348,3645,1558,996070,Supplement A,0
2023-07-26,0,Wednesday,136,386,3854,1487,1087295,Skincare B,0
2023-07-27,0,Thursday,137,388,3366,1755,956753,Skincare B,0
2023-07-28,0,Friday,139,394,3398,2083,1100444,Herbal D,0
2023-07-29,0,Saturday,210,596,4820,2539,1534038,Skincare B,0
2023-07-30,0,Sunday,177,503,4065,2294,1272256,Skincare B,0
2023-07-31,0,Monday,108,308,2717,1315,854271,Collagen F,0
2023-08-01,0,Tuesday,124,353,3974,1747,1189998,Immunity J,0
2023-08-02,0,Wednesday,173,492,3049,1813,938345,Collagen F,0
2023-08-03,0,Thursday,170,484,3004,1990,956762,Probiotic G,0
2023-08-04,0,Friday,177,503,3581,2062,1187042,Supplement A,0
2023-08-05,0,Saturday,196,556,4846,2351,1528782,Supplement A,0
2023-08-06,0,Sunday,188,532,4643,2085,1358337,Supplement A,0
2023-08-07,0,Monday,145,411,3210,1436,902585,Vitamin C,0
2023-08-08,0,Tuesday,126,359,3193,1589,960194,Supplement A,0
2023-08-09,0,Wednesday,171,485,3161,1543,971414,Energy H,0
2023-08-10,0,Thursday,167,474,3289,1487,967609,Energy H,0
2023-08-11,0,Friday,176,500,4143,2079,1330367,Skincare B,0
2023-08-12,0,Saturday,221,626,4310,1958,1216323,Supplement A,0
2023-08-13,0,Sunday,154,436,4655,2231,1472363,Herbal D,0
2023-08-14,0,Monday,109,309,3293,1527,1026011,Collagen F,0
2023-08-15,0,Tuesday,134,380,3572,1570,998600,Protein E,0
2023-08-16,0,Wednesday,129,365,3719,1974,1215233,Skincare B,0
2023-08-17,1,Thursday,325,921,7340,1915,1879428,Energy H,0
2023-08-18,1,Friday,348,987,6376,2454,1881678,Supplement A,0
2023-08-19,1,Saturday,384,1090,7602,3267,2065508,Probiotic G,0
2023-08-20,1,Sunday,277,787,8085,2741,2290777,Vitamin C,0
2023-08-21,1,Monday,210,595,4951,1611,1264495,Supplement A,0
2023-08-22,1,Tuesday,226,642,6231,2387,1844881,Probiotic G,0
2023-08-23,1,Wednesday,275,781,6219,2263,1594979,Vitamin C,0
2023-08-24,1,Thursday,312,886,6748,2358,1729044,Supplement A,0
2023-08-25,1,Friday,336,952,6546,2281,1885004,Supplement A,0
2023-08-26,1,Saturday,312,884,7960,3059,2219352,Probiotic G,0
2023-08-27,1,Sunday,278,790,7841,2728,2108326,Supplement A,0
2023-08-28,0,Monday,144,408,2608,1619,801917,Supplement A,0
2023-08-29,0,Tuesday,133,379,3170,1851,1037645,Protein E,0
2023-08-30,0,Wednesday,137,388,3267,1610,909507,Herbal D,0
2023-08-31,0,Thursday,168,476,3134,1675,951355,Skincare B,0
2023-09-01,1,Friday,317,898,7201,2200,1746443,Supplement A,0
2023-09-02,1,Saturday,328,931,7249,3163,2022537,Skincare B,0
2023-09-03,1,Sunday,326,924,8012,2319,2079875,Supplement A,0
2023-09-04,1,Monday,262,743,5167,1830,1349713,Vitamin C,0
2023-09-05,1,Tuesday,250,709,6031,1947,1655969,Protein E,0
2023-09-06,1,Wednesday,236,669,6180,2271,1809537,Herbal D,0
2023-09-07,1,Thursday,283,802,7149,2458,1897948,Vitamin C,0
2023-09-08,1,Friday,339,963,6954,2701,1924124,Supplement A,0
2023-09-09,1,Saturday,407,1155,8841,2875,2483951,Collagen F,0
2023-09-10,1,Sunday,349,989,7937,2348,2136355,Supplement A,0
2023-09-11,0,Monday,146,415,3326,1591,928258,Vitamin C,0
2023-09-12,0,Tuesday,176,501,3443,2017,1112839,Collagen F,0
2023-09-13,0,Wednesday,137,389,3945,1974,1106914,Skincare B,0
2023-09-14,0,Thursday,145,410,3330,1639,987562,Probiotic G,0
2023-09-15,0,Friday,179,508,3936,1911,1155295,Vitamin C,0
2023-09-16,0,Saturday,168,477,4619,2424,1501493,Energy H,0
2023-09-17,0,Sunday,181,515,3653,1942,1124981,Skincare B,0
2023-09-18,0,Monday,121,343,2818,1453,868161,Supplement A,0
2023-09-19,0,Tuesday,138,392,3143,1817,1020816,Supplement A,0
2023-09-20,0,Wednesday,172,487,3342,1621,1029189,Energy H,0
2023-09-21,0,Thursday,172,488,3015,1928,959395,Skincare B,0
2023-09-22,0,Friday,162,460,4029,1673,1203504,Supplement A,0
2023-09-23,0,Saturday,226,641,4434,2476,1334200,Vitamin C,0
2023-09-24,0,Sunday,187,531,3770,1899,1188897,Protein E,0
2023-09-25,0,Monday,137,388,3249,1604,972823,Supplement A,0
2023-09-26,0,Tuesday,140,399,3535,1571,1075011,Probiotic G,0
2023-09-27,0,Wednesday,125,355,3203,1940,1080592,Skincare B,0
2023-09-28,0,Thursday,148,421,3972,1873,1129366,Collagen F,0
2023-09-29,0,Friday,163,463,3968,1691,1052103,Skincare B,0
2023-09-30,0,Saturday,200,567,4084,2512,1336391,Skincare B,0
2023-10-01,0,Sunday,157,444,4663,2240,1419709,Skincare B,0
2023-10-02,0,Monday,120,341,2637,1498,884673,Probiotic G,0
2023-10-03,0,Tuesday,159,452,3724,1645,1059224,Supplement A,0
2023-10-04,0,Wednesday,166,472,3821,1507,1131376,Herbal D,0
2023-10-05,0,Thursday,157,445,3016,1637,973186,Skincare B,0
2023-10-06,0,Friday,191,542,3986,1867,1148910,Skincare B,0
2023-10-07,0,Saturday,176,501,4486,2386,1441259,Skincare B,0
2023-10-08,0,Sunday,153,434,4193,2191,1342545,Skincare B,0
2023-10-09,1,Monday,245,695,5617,1768,1390175,Supplement A,0
2023-10-10,1,Tuesday,330,936,6832,2514,1802230,Protein E,0
2023-10-11,1,Wednesday,320,908,6162,2030,1703642,Probiotic G,0
2023-10-12,1,Thursday,312,884,7155,2337,1944112,Protein E,0
2023-10-13,1,Friday,327,929,7418,2817,1973131,Vitamin C,0
2023-10-14,1,Saturday,345,979,7231,3088,2086102,Supplement A,0
2023-10-15,1,Sunday,359,1017,7103,2708,2046053,Probiotic G,0
2023-10-16,0,Monday,134,380,2953,1626,962593,Probiotic G,0
2023-10-17,0,Tuesday,134,381,3123,1577,905969,Collagen F,0
2023-10-18,0,Wednesday,166,472,3215,1872,992315,Supplement A,0
2023-10-19,0,Thursday,144,409,3814,1674,1145031,Skincare B,0
2023-10-20,0,Friday,150,426,3602,2122,1139740,Probiotic G,0
2023-10-21,0,Saturday,200,569,5159,1983,1511838,Vitamin C,0
2023-10-22,0,Sunday,203,577,4049,1972,1123650,Probiotic G,0
2023-10-23,0,Monday,110,311,2688,1436,833386,Probiotic G,0
2023-10-24,0,Tuesday,150,425,3363,1895,1095600,Vitamin C,0
2023-10-25,0,Wednesday,159,452,3215,1852,938111,Skincare B,0
2023-10-26,0,Thursday,167,473,3208,1922,1024395,Collagen F,0
2023-10-27,0,Friday,140,398,3980,2001,1178865,Detox I,0
2023-10-28,0,Saturday,187,530,3930,2075,1178139,Supplement A,0
2023-10-29,0,Sunday,168,478,4628,1908,1341856,Herbal D,0
2023-10-30,0,Monday,115,326,3132,1411,858026,Skincare B,0
2023-10-31,0,Tuesday,157,447,3211,1957,1002313,Skincare B,0
2023-11-01,0,Wednesday,182,515,4039,1867,1249941,Immunity J,0
2023-11-02,0,Thursday,158,449,4400,1880,1197299,Energy H,0
2023-11-03,0,Friday,209,592,4120,1948,1254953,Supplement A,0
2023-11-04,0,Saturday,233,662,5165,2265,1456263,Protein E,0
2023-11-05,0,Sunday,165,469,5162,2149,1469818,Supplement A,0
2023-11-06,0,Monday,164,466,3422,1707,951902,Protein E,0
2023-11-07,0,Tuesday,163,463,3792,1994,1152755,Supplement A,0
2023-11-08,0,Wednesday,180,511,4088,1850,1216398,Protein E,0
2023-11-09,0,Thursday,154,438,4061,1753,1220472,Supplement A,0
2023-11-10,0,Friday,196,557,3764,1880,1062132,Supplement A,0
2023-11-11,1,Saturday,356,1010,8664,3249,2275980,Protein E,0
2023-11-12,1,Sunday,341,967,7412,2972,1985740,Energy H,0
2023-11-13,1,Monday,243,690,5149,2201,1559717,Collagen F,0
2023-11-14,1,Tuesday,331,939,6526,2212,1750668,Protein E,0
2023-11-15,1,Wednesday,267,758,6761,2320,1949327,Skincare B,0
2023-11-16,1,Thursday,308,874,6422,2278,1619795,Skincare B,0
2023-11-17,1,Friday,374,1061,7441,2922,1946689,Collagen F,0
2023-11-18,1,Saturday,335,949,10335,3392,2609713,Skincare B,0
2023-11-19,1,Sunday,361,1023,8935,3320,2301348,Collagen F,0
2023-11-20,1,Monday,230,652,5885,2389,1598164,Skincare B,0
2023-11-21,0,Tuesday,190,540,4307,2063,1330739,Supplement A,0
2023-11-22,0,Wednesday,181,513,3429,2238,1075493,Vitamin C,0
2023-11-23,0,Thursday,174,495,4312,2082,1217659,Skincare B,0
2023-11-24,0,Friday,173,492,3667,2254,1244334,Detox I,0
2023-11-25,0,Saturday,188,533,5703,2238,1567065,Supplement A,0
2023-11-26,0,Sunday,182,518,4409,2478,1414161,Collagen F,0
2023-11-27,0,Monday,144,410,3350,1878,1072238,Skincare B,0
2023-11-28,0,Tuesday,171,484,4198,1739,1216202,Skincare B,0
2023-11-29,0,Wednesday,160,454,4171,1912,1278470,Herbal D,0
2023-11-30,0,Thursday,199,565,3433,2066,1043203,Probiotic G,0
2023-12-01,0,Friday,221,628,5101,2003,1419020,Skincare B,0
2023-12-02,0,Saturday,272,773,4710,2495,1471978,Vitamin C,0
2023-12-03,0,Sunday,194,551,4959,2737,1527217,Probiotic G,0
2023-12-04,0,Monday,148,420,3128,1765,1001113,Supplement A,0
2023-12-05,0,Tuesday,176,500,4330,1809,1152455,Herbal D,0
2023-12-06,0,Wednesday,190,539,4009,2134,1174575,Protein E,0
2023-12-07,0,Thursday,212,601,4085,1845,1136707,Vitamin C,0
2023-12-08,0,Friday,201,571,4768,2282,1443240,Protein E,0
2023-12-09,0,Saturday,201,570,5881,2500,1636312,Collagen F,0
2023-12-10,0,Sunday,251,713,4718,2532,1493955,Supplement A,0
2023-12-11,1,Monday,246,699,5843,2413,1706075,Supplement A,0
2023-12-12,1,Tuesday,351,996,7154,3083,2014507,Vitamin C,0
2023-12-13,1,Wednesday,372,1056,8410,2410,2136237,Energy H,0
2023-12-14,1,Thursday,379,1075,8110,2955,2196570,Protein E,0
2023-12-15,1,Friday,425,1206,7598,2951,2119409,Supplement A,0
2023-12-16,1,Saturday,501,1421,11146,3482,2929256,Energy H,0
2023-12-17,1,Sunday,353,1001,9550,3451,2455257,Skincare B,0
2023-12-18,1,Monday,291,826,7318,2273,1885013,Detox I,0
2023-12-19,1,Tuesday,389,1104,8535,2551,2371381,Detox I,0
2023-12-20,1,Wednesday,333,944,7044,2666,2000264,Protein E,0
2023-12-21,1,Thursday,314,891,8395,3035,2358651,Energy H,0
2023-12-22,1,Friday,384,1088,7785,3069,2102608,Skincare B,0
2023-12-23,1,Saturday,461,1307,11604,3666,3263959,Vitamin C,0
2023-12-24,1,Sunday,428,1214,8852,2861,2290677,Vitamin C,0
2023-12-25,0,Monday,156,442,3734,1734,1134260,Probiotic G,0
2023-12-26,0,Tuesday,169,480,4732,2341,1419423,Supplement A,0
2023-12-27,0,Wednesday,160,454,4506,1950,1339655,Supplement A,0
2023-12-28,0,Thursday,169,480,3968,2362,1302193,Skincare B,0
2023-12-29,0,Friday,216,614,3983,2535,1225868,Probiotic G,0
2023-12-30,0,Saturday,255,724,6094,2946,1824616,Skincare B,0
2023-12-31,0,Sunday,239,678,5520,2371,1617140,Energy H,0
2024-01-01,0,Monday,139,394,3846,1933,1123319,Herbal D,0
2024-01-02,0,Tuesday,144,408,3773,2112,1226597,Probiotic G,0
2024-01-03,0,Wednesday,195,554,4582,2164,1379077,Collagen F,0
2024-01-04,0,Thursday,177,503,4206,2209,1372352,Skincare B,0
2024-01-05,0,Friday,166,473,4649,1996,1263971,Vitamin C,0
2024-01-06,0,Saturday,214,606,5113,2657,1467768,Herbal D,0
2024-01-07,0,Sunday,188,533,4574,2561,1353111,Supplement A,0
2024-01-08,0,Monday,136,385,2933,1915,986414,Protein E,0
2024-01-09,0,Tuesday,174,494,4175,1956,1278441,Skincare B,0
2024-01-10,0,Wednesday,157,446,3700,1779,1096644,Vitamin C,0
2024-01-11,0,Thursday,177,503,3588,1873,1045238,Skincare B,0
2024-01-12,0,Friday,179,509,4044,2376,1289874,Immunity J,0
2024-01-13,0,Saturday,250,710,5993,2232,1686685,Vitamin C,0
2024-01-14,0,Sunday,237,671,4994,2502,1602396,Protein E,0
2024-01-15,1,Monday,252,714,7071,2465,1874551,Herbal D,0
2024-01-16,1,Tuesday,299,848,8511,2874,2234291,Collagen F,0
2024-01-17,1,Wednesday,318,902,6541,2935,1807787,Vitamin C,0
2024-01-18,1,Thursday,377,1069,6824,2981,1972170,Supplement A,0
2024-01-19,1,Friday,296,838,8609,3066,2462824,Vitamin C,0
2024-01-20,1,Saturday,356,1010,9820,3563,2867799,Collagen F,0
2024-01-21,1,Sunday,404,1144,10135,3327,2552565,Vitamin C,0
2024-01-22,1,Monday,253,718,5520,1888,1546986,Herbal D,0
2024-01-23,1,Tuesday,334,946,6972,2436,1849998,Herbal D,0
2024-01-24,1,Wednesday,317,900,6494,2764,1861274,Herbal D,0
2024-01-25,0,Thursday,183,519,4422,2106,1344940,Supplement A,0
2024-01-26,0,Friday,219,621,3912,2409,1226530,Supplement A,0
2024-01-27,0,Saturday,246,699,5161,2547,1578765,Vitamin C,0
2024-01-28,0,Sunday,210,596,4321,2346,1392899,Herbal D,0
2024-01-29,0,Monday,170,483,3048,1797,1029199,Collagen F,0
2024-01-30,0,Tuesday,190,540,3956,2334,1268100,Herbal D,0
2024-01-31,0,Wednesday,152,431,3503,2117,1130263,Energy H,0
2024-02-01,0,Thursday,128,365,3474,1812,1032437,Vitamin C,0
2024-02-02,0,Friday,157,446,3507,1569,972681,Collagen F,0
2024-02-03,0,Saturday,157,447,3746,2257,1264036,Probiotic G,0
2024-02-04,0,Sunday,189,536,4386,1887,1263946,Skincare B,0
2024-02-05,0,Monday,97,275,2363,1434,757940,Skincare B,0
2024-02-06,0,Tuesday,120,340,3390,1425,980264,Probiotic G,0
2024-02-07,0,Wednesday,129,367,3192,1676,945220,Herbal D,0
2024-02-08,0,Thursday,142,402,3109,1531,918020,Supplement A,0
2024-02-09,1,Friday,252,714,5936,2402,1651622,Probiotic G,0
2024-02-10,1,Saturday,285,809,8216,2957,2222147,Skincare B,0
2024-02-11,1,Sunday,282,799,7191,2211,1910475,Probiotic G,0
2024-02-12,1,Monday,241,683,4444,1743,1193453,Probiotic G,0
2024-02-13,1,Tuesday,218,618,5240,1777,1404911,Supplement A,0
2024-02-14,1,Wednesday,265,750,5836,2134,1691147,Herbal D,0
2024-02-15,1,Thursday,261,741,6908,2061,1867847,Skincare B,0
2024-02-16,0,Friday,135,383,3795,1877,1098836,Vitamin C,0
2024-02-17,0,Saturday,178,507,4031,2081,1252228,Probiotic G,0
2024-02-18,0,Sunday,182,517,3967,1725,1140813,Vitamin C,0
2024-02-19,0,Monday,102,289,3062,1414,958007,Protein E,0
2024-02-20,0,Tuesday,138,392,3115,1489,919093,Supplement A,0
2024-02-21,0,Wednesday,132,376,2807,1484,910686,Skincare B,0
2024-02-22,0,Thursday,137,390,3211,1406,989966,Skincare B,0
2024-02-23,0,Friday,161,458,3539,1932,1149162,Skincare B,0
2024-02-24,0,Saturday,181,514,3761,2180,1164191,Protein E,0
2024-02-25,0,Sunday,184,523,3864,1851,1212821,Vitamin C,0
2024-02-26,0,Monday,109,311,3003,1347,867665,Herbal D,0
2024-02-27,0,Tuesday,139,396,2907,1466,819118,Herbal D,0
2024-02-28,0,Wednesday,125,354,2955,1563,933053,Supplement A,0
2024-02-29,0,Thursday,126,357,3566,1738,1057858,Vitamin C,0
2024-03-01,0,Friday,153,435,3598,2202,1076905,Supplement A,0
2024-03-02,0,Saturday,208,591,4265,2466,1253148,Herbal D,0
2024-03-03,0,Sunday,157,446,4061,1979,1291032,Herbal D,0
2024-03-04,0,Monday,135,382,2635,1641,875948,Skincare B,0
2024-03-05,0,Tuesday,135,383,3656,2130,1220956,Supplement A,0
2024-03-06,0,Wednesday,178,504,3826,2021,1225610,Supplement A,0
2024-03-07,0,Thursday,168,477,3452,1982,1061152,Vitamin C,0
2024-03-08,0,Friday,177,503,3688,1937,1058946,Supplement A,0
2024-03-09,0,Saturday,230,652,4764,2322,1342703,Supplement A,0
2024-03-10,0,Sunday,186,528,4539,1890,1340549,Vitamin C,0
2024-03-11,0,Monday,114,323,3071,1372,902392,Collagen F,0
2024-03-12,0,Tuesday,182,516,4027,1943,1197948,Skincare B,0
2024-03-13,0,Wednesday,133,377,3755,1710,1142562,Collagen F,0
2024-03-14,0,Thursday,152,432,3822,1996,1209249,Protein E,0
2024-03-15,0,Friday,147,417,3580,1997,1070646,Probiotic G,0
2024-03-16,0,Saturday,188,533,5307,2319,1454054,Protein E,0
2024-03-17,0,Sunday,208,589,4500,1946,1193901,Protein E,0
2024-03-18,1,Monday,261,742,5408,1898,1385534,Protein E,0
2024-03-19,1,Tuesday,269,763,7633,2331,1952638,Skincare B,0
2024-03-20,1,Wednesday,314,892,7428,2325,2033633,Vitamin C,0
2024-03-21,1,Thursday,282,799,7016,2211,1791879,Skincare B,0
2024-03-22,1,Friday,343,972,7985,2854,2219594,Protein E,0
2024-03-23,1,Saturday,371,1052,9370,2748,2319794,Vitamin C,0
2024-03-24,1,Sunday,329,932,8276,2987,2322472,Supplement A,0
2024-03-25,1,Monday,286,813,4885,1741,1254698,Energy H,0
2024-03-26,1,Tuesday,289,819,6009,2192,1536877,Supplement A,0
2024-03-27,1,Wednesday,284,804,7921,2474,2085550,Protein E,0
2024-03-28,1,Thursday,306,869,7843,2623,2137248,Vitamin C,0
2024-03-29,1,Friday,285,810,7825,2821,2060854,Supplement A,0
2024-03-30,0,Saturday,212,602,4812,2201,1333062,Supplement A,0
2024-03-31,0,Sunday,171,485,3754,1981,1232477,Collagen F,0
2024-04-01,0,Monday,126,357,3009,1593,922849,Protein E,0
2024-04-02,0,Tuesday,135,384,3284,1751,1056810,Energy H,0
2024-04-03,0,Wednesday,151,430,4267,1747,1221990,Supplement A,0
2024-04-04,0,Thursday,185,525,3831,1739,1098482,Supplement A,0
2024-04-05,0,Friday,146,415,3798,2295,1273974,Energy H,0
2024-04-06,0,Saturday,233,661,5250,2453,1585475,Detox I,0
2024-04-07,0,Sunday,194,549,4784,2384,1532784,Vitamin C,0
2024-04-08,0,Monday,131,372,3195,1336,854039,Supplement A,0
2024-04-09,0,Tuesday,168,477,4309,1976,1206078,Skincare B,0
2024-04-10,0,Wednesday,187,530,3773,1601,1128353,Skincare B,0
2024-04-11,0,Thursday,137,389,3951,2058,1125370,Energy H,0
2024-04-12,0,Friday,172,488,3878,2268,1186622,Energy H,0
2024-04-13,0,Saturday,219,622,5401,2404,1490676,Protein E,0
2024-04-14,0,Sunday,215,610,4045,2020,1167457,Herbal D,0
2024-04-15,0,Monday,117,332,2752,1757,925582,Protein E,0
2024-04-16,0,Tuesday,167,475,4059,1904,1110715,Vitamin C,0
2024-04-17,0,Wednesday,168,476,3753,2155,1251964,Probiotic G,0
2024-04-18,0,Thursday,160,455,4310,2116,1242839,Skincare B,0
2024-04-19,0,Friday,179,507,3522,2215,1143668,Herbal D,0
2024-04-20,0,Saturday,206,585,4666,2544,1371659,Detox I,0
2024-04-21,0,Sunday,204,578,4391,2348,1249104,Supplement A,0
2024-04-22,1,Monday,255,723,5483,2069,1455957,Herbal D,0
2024-04-23,1,Tuesday,270,766,6913,2494,1843562,Vitamin C,0
2024-04-24,1,Wednesday,267,758,7395,2320,2046268,Skincare B,0
2024-04-25,1,Thursday,264,749,6205,2468,1663975,Supplement A,0
2024-04-26,1,Friday,296,839,6940,2554,1864873,Supplement A,0
2024-04-27,1,Saturday,446,1264,7997,3375,2164071,Vitamin C,0
2024-04-28,1,Sunday,416,1179,9104,2865,2472996,Collagen F,0
2024-04-29,0,Monday,124,353,3192,1599,943597,Protein E,0
2024-04-30,0,Tuesday,136,386,4133,1875,1225006,Vitamin C,0
2024-05-01,1,Wednesday,281,798,6698,2462,1950670,Skincare B,0
2024-05-02,1,Thursday,247,702,6197,2685,1899802,Supplement A,0
2024-05-03,1,Friday,332,942,7892,2358,2136195,Skincare B,0
2024-05-04,1,Saturday,407,1155,8922,3318,2591073,Skincare B,0
2024-05-05,1,Sunday,326,925,8584,2552,2116143,Collagen F,0
2024-05-06,1,Monday,234,664,6039,2053,1703099,Supplement A,0
2024-05-07,1,Tuesday,263,746,6432,2289,1689612,Skincare B,0
2024-05-08,1,Wednesday,315,894,6524,2383,1878345,Skincare B,0
2024-05-09,1,Thursday,309,877,7985,2361,1971084,Supplement A,0
2024-05-10,0,Friday,189,537,4290,2316,1360974,Supplement A,0
2024-05-11,0,Saturday,182,518,4273,2108,1348692,Herbal D,0
2024-05-12,0,Sunday,159,450,4335,2414,1265420,Skincare B,0
2024-05-13,0,Monday,118,334,3293,1755,980731,Skincare B,0
2024-05-14,0,Tuesday,149,424,3937,1686,1181704,Supplement A,0
2024-05-15,0,Wednesday,172,487,4204,1797,1195907,Detox I,0
2024-05-16,0,Thursday,165,467,3536,1866,1156494,Protein E,0
2024-05-17,0,Friday,155,440,4220,2130,1295879,Herbal D,0
2024-05-18,0,Saturday,210,595,5065,2291,1437473,Vitamin C,0
2024-05-19,0,Sunday,213,604,4404,2151,1263766,Skincare B,0
2024-05-20,0,Monday,110,314,3452,1741,1014278,Vitamin C,0
2024-05-21,0,Tuesday,134,379,4282,2155,1282971,Supplement A,0
2024-05-22,0,Wednesday,158,450,3566,1748,984240,Skincare B,0
2024-05-23,0,Thursday,157,447,3872,1841,1084887,Protein E,0
2024-05-24,0,Friday,169,479,3959,1908,1159713,Skincare B,0
2024-05-25,0,Saturday,228,647,5471,2660,1671239,Skincare B,0
2024-05-26,0,Sunday,209,593,4908,2187,1494238,Supplement A,0
2024-05-27,0,Monday,125,354,3290,1636,951525,Herbal D,0
2024-05-28,0,Tuesday,144,410,3260,1647,986548,Supplement A,0
2024-05-29,0,Wednesday,139,396,3546,2028,1152776,Skincare B,0
2024-05-30,0,Thursday,142,404,3804,1815,1092037,Collagen F,0
2024-05-31,0,Friday,208,589,4073,2239,1230255,Probiotic G,0
2024-06-01,0,Saturday,257,730,4485,2801,1363513,Vitamin C,0
2024-06-02,0,Sunday,181,515,5261,2613,1652339,Supplement A,0
2024-06-03,1,Monday,291,827,5744,2323,1599595,Protein E,0
2024-06-04,1,Tuesday,266,756,7398,2800,2046067,Detox I,0
2024-06-05,1,Wednesday,317,900,7896,2444,2013114,Herbal D,0
2024-06-06,1,Thursday,268,759,8473,2607,2134001,Herbal D,0
2024-06-07,1,Friday,309,876,9033,3105,2324835,Supplement A,0
2024-06-08,1,Saturday,430,1220,9089,2987,2334085,Supplement A,0
2024-06-09,1,Sunday,418,1186,7543,2640,2123198,Vitamin C,0
2024-06-10,1,Monday,276,782,5984,1888,1493562,Supplement A,0
2024-06-11,1,Tuesday,335,949,8471,2982,2333594,Supplement A,0
2024-06-12,1,Wednesday,338,958,7957,2823,2034992,Skincare B,0
2024-06-13,1,Thursday,377,1069,8156,2796,2290783,Vitamin C,0
2024-06-14,1,Friday,309,875,8570,2686,2127856,Probiotic G,0
2024-06-15,1,Saturday,409,1161,9434,3121,2585214,Supplement A,0
2024-06-16,1,Sunday,337,955,8460,3280,2268869,Collagen F,0
2024-06-17,0,Monday,166,470,3427,1467,928150,Skincare B,0
2024-06-18,0,Tuesday,159,451,3901,1727,1148904,Skincare B,0
2024-06-19,0,Wednesday,154,437,3478,2250,1193030,Skincare B,0
2024-06-20,0,Thursday,188,533,4259,2056,1241685,Vitamin C,0
2024-06-21,0,Friday,188,532,4460,2270,1310182,Herbal D,0
2024-06-22,0,Saturday,191,543,5244,2265,1577309,Supplement A,0
2024-06-23,0,Sunday,233,661,4373,2390,1271191,Herbal D,0
2024-06-24,0,Monday,162,459,3539,1702,1079852,Skincare B,0
2024-06-25,0,Tuesday,166,470,4201,1774,1272115,Supplement A,0
2024-06-26,0,Wednesday,174,493,4549,1780,1322954,Supplement A,0
2024-06-27,0,Thursday,178,505,4610,1986,1293291,Protein E,0
2024-06-28,0,Friday,210,596,4092,1897,1120611,Skincare B,0
2024-06-29,0,Saturday,259,735,5939,2294,1702215,Vitamin C,0
2024-06-30,0,Sunday,183,519,4850,2224,1441396,Supplement A,0
2024-07-01,0,Monday,149,422,3113,1408,923001,Skincare B,0
2024-07-02,0,Tuesday,162,460,4040,2146,1175366,Supplement A,0
2024-07-03,0,Wednesday,159,451,3663,1728,1158811,Vitamin C,0
2024-07-04,0,Thursday,156,442,3638,2210,1138837,Skincare B,0
2024-07-05,0,Friday,195,553,4074,2221,1279473,Herbal D,0
2024-07-06,0,Saturday,189,537,5326,2782,1561784,Detox I,0
2024-07-07,0,Sunday,191,542,4409,2429,1466673,Herbal D,0
2024-07-08,1,Monday,255,723,6798,1926,1692543,Skincare B,0
2024-07-09,1,Tuesday,345,977,6113,2707,1814199,Skincare B,0
2024-07-10,1,Wednesday,311,883,7259,2785,1904758,Supplement A,0
2024-07-11,1,Thursday,290,822,6366,2372,1769136,Skincare B,0
2024-07-12,1,Friday,367,1041,6770,2588,1988916,Protein E,0
2024-07-13,1,Saturday,423,1200,9950,2853,2685700,Protein E,0
2024-07-14,1,Sunday,371,1052,9465,3001,2418551,Protein E,0
2024-07-15,1,Monday,261,740,5183,1779,1448980,Skincare B,0
2024-07-16,1,Tuesday,341,967,6972,2747,2051618,Skincare B,0
2024-07-17,1,Wednesday,323,916,7373,2112,1975939,Skincare B,0
2024-07-18,1,Thursday,285,807,6171,2505,1643992,Vitamin C,0
2024-07-19,0,Friday,161,456,3615,2234,1151004,Vitamin C,0
2024-07-20,0,Saturday,219,622,4961,2270,1400597,Skincare B,0
2024-07-21,0,Sunday,169,481,3996,2333,1180227,Skincare B,0
2024-07-22,0,Monday,117,332,3216,1739,936055,Supplement A,0
2024-07-23,0,Tuesday,169,480,3859,2025,1123155,Herbal D,0
2024-07-24,0,Wednesday,180,510,3580,1688,1097341,Skincare B,0
2024-07-25,0,Thursday,191,542,3399,2038,1074928,Skincare B,0
2024-07-26,0,Friday,167,475,4305,1794,1184087,Detox I,0
2024-07-27,0,Saturday,221,628,5694,2439,1540183,Supplement A,0
2024-07-28,0,Sunday,218,619,4165,2202,1322629,Probiotic G,0
2024-07-29,0,Monday,118,336,2790,1827,982506,Probiotic G,0
2024-07-30,0,Tuesday,185,525,3315,2053,1011000,Vitamin C,0
2024-07-31,0,Wednesday,137,390,3544,1963,1052465,Vitamin C,0
2024-08-01,0,Thursday,152,430,3864,2076,1124088,Protein E,0
2024-08-02,0,Friday,148,421,4300,2201,1211165,Supplement A,0
2024-08-03,0,Saturday,196,557,5406,2575,1489195,Protein E,0
2024-08-04,0,Sunday,161,458,4434,2136,1383395,Protein E,0
2024-08-05,0,Monday,156,443,2762,1791,931008,Skincare B,0
2024-08-06,0,Tuesday,159,452,4446,1711,1197312,Probiotic G,0
2024-08-07,0,Wednesday,168,477,3525,1946,1087304,Energy H,0
2024-08-08,0,Thursday,138,391,3597,1963,1084239,Skincare B,0
2024-08-09,0,Friday,157,447,4011,2009,1226616,Skincare B,0
2024-08-10,0,Saturday,250,709,4987,2725,1571503,Probiotic G,0
2024-08-11,0,Sunday,224,636,5031,1974,1412545,Skincare B,0
2024-08-12,1,Monday,224,635,6696,2167,1662998,Skincare B,0
2024-08-13,1,Tuesday,360,1020,7454,2588,1926284,Skincare B,0
2024-08-14,1,Wednesday,270,766,8232,2802,2150289,Herbal D,0
2024-08-15,1,Thursday,276,783,6433,2527,1872668,Probiotic G,0
2024-08-16,1,Friday,311,881,8275,2716,2077931,Immunity J,0
2024-08-17,1,Saturday,463,1314,8257,3612,2522321,Skincare B,0
2024-08-18,1,Sunday,372,1056,9669,2610,2388608,Probiotic G,0
2024-08-19,1,Monday,277,787,6473,2310,1733950,Vitamin C,0
2024-08-20,1,Tuesday,303,859,8166,2795,2334665,Skincare B,0
2024-08-21,1,Wednesday,340,965,6375,2264,1795818,Herbal D,0
2024-08-22,1,Thursday,283,804,7376,2299,1857265,Protein E,0
2024-08-23,0,Friday,171,486,4460,2096,1311657,Herbal D,0
2024-08-24,0,Saturday,230,654,4816,2767,1514653,Supplement A,0
2024-08-25,0,Sunday,175,498,3968,2491,1197824,Skincare B,0
2024-08-26,0,Monday,134,382,3484,1861,1110334,Supplement A,0
2024-08-27,0,Tuesday,193,548,4484,2172,1329191,Skincare B,0
2024-08-28,0,Wednesday,165,468,3617,1901,1027753,Protein E,0
2024-08-29,0,Thursday,160,455,3696,2023,1185400,Herbal D,0
2024-08-30,0,Friday,182,518,4708,2297,1405339,Vitamin C,0
2024-08-31,0,Saturday,240,680,4327,2881,1445644,Skincare B,0
2024-09-01,0,Sunday,215,609,4705,2323,1433145,Supplement A,0
2024-09-02,1,Monday,238,676,5836,1960,1635824,Vitamin C,0
2024-09-03,1,Tuesday,302,856,7502,2174,1940125,Supplement A,0
2024-09-04,1,Wednesday,348,986,7153,2678,1852112,Collagen F,0
2024-09-05,1,Thursday,360,1020,7687,2236,1958867,Vitamin C,0
2024-09-06,1,Friday,297,842,8056,2886,2090556,Vitamin C,0
2024-09-07,1,Saturday,362,1027,9833,3609,2807961,Protein E,0
2024-09-08,1,Sunday,317,900,7582,2921,2057414,Vitamin C,0
2024-09-09,1,Monday,247,702,6560,2094,1847565,Skincare B,0
2024-09-10,1,Tuesday,298,844,7856,2826,2157387,Protein E,0
2024-09-11,1,Wednesday,272,771,8078,2273,2136047,Vitamin C,0
2024-09-12,1,Thursday,290,822,7861,2476,2106614,Supplement A,0
2024-09-13,0,Friday,157,447,3869,2202,1169234,Vitamin C,0
2024-09-14,0,Saturday,243,689,5102,2144,1532391,Skincare B,0
2024-09-15,0,Sunday,205,582,4610,2259,1287127,Herbal D,0
2024-09-16,0,Monday,127,360,3314,1692,1009842,Collagen F,0
2024-09-17,0,Tuesday,141,400,3522,2059,1038633,Probiotic G,0
2024-09-18,0,Wednesday,178,507,4339,1850,1315852,Supplement A,0
2024-09-19,0,Thursday,163,464,3560,2072,1145169,Protein E,0
2024-09-20,0,Friday,188,534,4624,1922,1300429,Herbal D,0
2024-09-21,0,Saturday,249,708,4430,2371,1333384,Skincare B,0
2024-09-22,0,Sunday,168,477,4552,2362,1339829,Supplement A,0
2024-09-23,0,Monday,150,425,3052,1650,943876,Protein E,0
2024-09-24,0,Tuesday,175,498,3483,2109,1140037,Detox I,0
2024-09-25,0,Wednesday,168,476,4171,2230,1373580,Skincare B,0
2024-09-26,0,Thursday,175,498,3731,1989,1228946,Skincare B,0
2024-09-27,0,Friday,158,448,4346,2145,1323876,Vitamin C,0
2024-09-28,0,Saturday,191,543,5223,2686,1695513,Supplement A,0
2024-09-29,0,Sunday,165,469,4839,2064,1452681,Collagen F,0
2024-09-30,0,Monday,165,470,3196,1558,959416,Herbal D,0
2024-10-01,0,Tuesday,139,395,3600,1847,1136820,Skincare B,0
2024-10-02,0,Wednesday,169,481,3746,1684,1116272,Skincare B,0
2024-10-03,0,Thursday,183,519,4094,1698,1102037,Skincare B,0
2024-10-04,0,Friday,172,488,4495,2404,1441322,Herbal D,0
2024-10-05,0,Saturday,215,611,5261,2831,1627374,Skincare B,0
2024-10-06,0,Sunday,220,625,4552,2506,1482555,Skincare B,0
2024-10-07,1,Monday,281,798,5746,2126,1505503,Protein E,0
2024-10-08,1,Tuesday,348,986,8184,2424,2271049,Skincare B,0
2024-10-09,1,Wednesday,261,740,8396,2633,2319091,Herbal D,0
2024-10-10,1,Thursday,301,855,7544,2815,2149971,Protein E,0
2024-10-11,1,Friday,316,897,6810,2670,1895162,Skincare B,0
2024-10-12,1,Saturday,395,1120,10664,2973,2646526,Supplement A,0
2024-10-13,1,Sunday,409,1159,9384,3368,2528890,Supplement A,0
2024-10-14,1,Monday,259,735,6095,1912,1703161,Protein E,0
2024-10-15,0,Tuesday,171,486,4298,1772,1281704,Collagen F,0
2024-10-16,0,Wednesday,197,558,4182,1767,1229879,Vitamin C,0
2024-10-17,0,Thursday,183,519,3999,1690,1211587,Protein E,0
2024-10-18,0,Friday,190,538,3760,2124,1096684,Vitamin C,0
2024-10-19,0,Saturday,230,653,4802,2603,1439267,Probiotic G,0
2024-10-20,0,Sunday,188,533,4259,2188,1254421,Vitamin C,0
2024-10-21,0,Monday,122,345,2954,1538,833075,Herbal D,0
2024-10-22,0,Tuesday,171,485,3628,1899,1075302,Supplement A,0
2024-10-23,0,Wednesday,183,518,3721,1837,1040109,Herbal D,0
2024-10-24,0,Thursday,160,455,3913,1769,1131411,Protein E,0
2024-10-25,0,Friday,158,448,3724,2102,1109092,Herbal D,0
2024-10-26,0,Saturday,225,639,5612,2701,1691607,Skincare B,0
2024-10-27,0,Sunday,224,636,5001,2471,1501905,Detox I,0
2024-10-28,0,Monday,154,438,3273,1471,993324,Energy H,0
2024-10-29,0,Tuesday,168,478,3933,2103,1245265,Vitamin C,0
2024-10-30,0,Wednesday,154,437,3657,2209,1193779,Energy H,0
2024-10-31,0,Thursday,164,465,4227,2093,1318752,Probiotic G,0
2024-11-01,0,Friday,199,565,4072,2352,1256169,Vitamin C,0
2024-11-02,0,Saturday,212,601,6071,2897,1693354,Supplement A,0
2024-11-03,0,Sunday,247,701,5643,2455,1655907,Collagen F,0
2024-11-04,0,Monday,158,447,3537,1775,1081662,Herbal D,0
2024-11-05,0,Tuesday,220,624,4241,2092,1326240,Herbal D,0
2024-11-06,0,Wednesday,207,588,4310,2387,1348345,Skincare B,0
2024-11-07,0,Thursday,199,565,3839,2482,1278268,Vitamin C,0
2024-11-08,0,Friday,210,595,4696,2414,1490687,Supplement A,0
2024-11-09,0,Saturday,280,795,4904,2485,1547419,Collagen F,0
2024-11-10,0,Sunday,212,603,5183,2721,1483707,Collagen F,0
2024-11-11,1,Monday,330,935,7576,2433,1851720,Supplement A,0
2024-11-12,1,Tuesday,305,864,8222,2724,2214791,Supplement A,0
2024-11-13,1,Wednesday,372,1054,7699,2878,2246513,Skincare B,0
2024-11-14,1,Thursday,405,1147,7990,3227,2190993,Supplement A,0
2024-11-15,1,Friday,310,879,10089,2958,2463621,Skincare B,0
2024-11-16,1,Saturday,426,1207,10591,3127,2827288,Collagen F,0
2024-11-17,1,Sunday,391,1109,10668,3695,2758518,Protein E,0
2024-11-18,1,Monday,279,791,6403,2260,1701819,Herbal D,0
2024-11-19,1,Tuesday,370,1049,8100,2559,2094896,Energy H,0
2024-11-20,1,Wednesday,392,1112,7317,3245,2166287,Supplement A,0
2024-11-21,1,Thursday,296,838,6980,3012,1994413,Vitamin C,0
2024-11-22,0,Friday,240,681,4174,2486,1315187,Vitamin C,0
2024-11-23,0,Saturday,267,757,5830,2763,1636054,Vitamin C,0
2024-11-24,0,Sunday,227,644,5135,2493,1453696,Herbal D,0
2024-11-25,0,Monday,161,457,4049,1689,1147897,Vitamin C,0
2024-11-26,0,Tuesday,192,545,4244,2527,1368043,Protein E,0
2024-11-27,0,Wednesday,163,462,4397,2337,1274494,Protein E,0
2024-11-28,0,Thursday,222,630,5065,2396,1484351,Supplement A,0
2024-11-29,0,Friday,233,661,4188,2369,1358942,Detox I,0
2024-11-30,0,Saturday,205,583,5892,3085,1744904,Supplement A,0
2024-12-01,0,Sunday,226,642,6072,2775,1772760,Vitamin C,0
2024-12-02,0,Monday,183,519,3849,2243,1272903,Skincare B,0
2024-12-03,0,Tuesday,169,480,5354,2553,1635239,Herbal D,0
2024-12-04,0,Wednesday,171,486,4714,2140,1278604,Immunity J,0
2024-12-05,0,Thursday,226,641,4931,2225,1341573,Vitamin C,0
2024-12-06,0,Friday,247,702,4794,2285,1369285,Probiotic G,0
2024-12-07,0,Saturday,215,610,5379,2747,1647571,Supplement A,0
2024-12-08,0,Sunday,236,668,6133,2606,1800437,Vitamin C,0
2024-12-09,1,Monday,346,983,8102,2409,1971149,Supplement A,0
2024-12-10,1,Tuesday,436,1236,7894,3043,2349350,Collagen F,0
2024-12-11,1,Wednesday,341,968,8652,3173,2262426,Protein E,0
2024-12-12,1,Thursday,356,1010,9189,3282,2350531,Supplement A,0
2024-12-13,1,Friday,393,1114,8953,3537,2592584,Vitamin C,0
2024-12-14,1,Saturday,462,1311,11983,3875,3002783,Probiotic G,0
2024-12-15,1,Sunday,367,1041,11742,3545,3139258,Detox I,0
2024-12-16,1,Monday,334,947,6315,2851,1870988,Energy H,0
2024-12-17,1,Tuesday,368,1045,9932,3381,2596687,Skincare B,0
2024-12-18,1,Wednesday,323,916,9237,2954,2538099,Protein E,0
2024-12-19,1,Thursday,410,1162,9066,2775,2310441,Protein E,0
2024-12-20,1,Friday,361,1024,9676,3471,2760221,Supplement A,0
2024-12-21,1,Saturday,414,1174,9966,3849,2646712,Skincare B,0
2024-12-22,1,Sunday,397,1126,8939,3166,2580243,Protein E,0
2024-12-23,0,Monday,190,539,4502,2065,1354392,Supplement A,0
2024-12-24,0,Tuesday,231,654,4249,2502,1431191,Herbal D,0
2024-12-25,0,Wednesday,239,678,5349,2531,1517688,Vitamin C,0
2024-12-26,0,Thursday,237,671,4982,2694,1483705,Vitamin C,0
2024-12-27,0,Friday,253,718,5585,2446,1524757,Supplement A,0
2024-12-28,0,Saturday,288,818,5910,2909,1647404,Energy H,0
2024-12-29,0,Sunday,221,627,5548,2817,1780553,Herbal D,0
2024-12-30,0,Monday,150,426,3964,1774,1193855,Supplement A,0
2024-12-31,0,Tuesday,215,611,5382,2549,1491810,Supplement A,0
2025-01-01,0,Wednesday,199,566,4207,2236,1365241,Supplement A,0
2025-01-02,0,Thursday,204,580,5139,2386,1452273,Protein E,0
2025-01-03,0,Friday,241,683,5024,2468,1597274,Vitamin C,0
2025-01-04,0,Saturday,243,691,6427,3158,1999061,Herbal D,0
2025-01-05,0,Sunday,189,535,6104,2942,1804333,Herbal D,0
2025-01-06,0,Monday,187,530,3619,1992,1105470,Herbal D,0
2025-01-07,0,Tuesday,227,644,3995,2301,1346259,Supplement A,0
2025-01-08,0,Wednesday,192,545,4920,2379,1388989,Supplement A,0
2025-01-09,0,Thursday,187,530,4135,2412,1387268,Herbal D,0
2025-01-10,0,Friday,200,567,4310,2559,1422293,Supplement A,0
2025-01-11,0,Saturday,222,630,6222,3000,1841421,Supplement A,0
2025-01-12,0,Sunday,234,663,5072,2718,1636114,Vitamin C,0
2025-01-13,0,Monday,191,541,3261,1641,1022720,Supplement A,0
2025-01-14,0,Tuesday,168,478,4984,2396,1466783,Protein E,0
2025-01-15,0,Wednesday,222,629,4084,2337,1366032,Supplement A,0
2025-01-16,0,Thursday,170,482,4777,2263,1496285,Supplement A,0
2025-01-17,1,Friday,419,1188,8115,2847,2044399,Skincare B,0
2025-01-18,1,Saturday,512,1452,10678,3373,2848577,Collagen F,0
2025-01-19,1,Sunday,367,1039,9969,3761,2630903,Collagen F,0
2025-01-20,1,Monday,292,829,7676,2779,2146954,Skincare B,0
2025-01-21,1,Tuesday,424,1203,8653,2608,2365855,Collagen F,0
2025-01-22,1,Wednesday,397,1125,8699,2783,2165761,Supplement A,0
2025-01-23,1,Thursday,351,996,8963,2975,2365632,Energy H,0
2025-01-24,1,Friday,327,926,8047,3493,2346927,Collagen F,0
2025-01-25,1,Saturday,383,1086,10799,3195,2664211,Supplement A,0
2025-01-26,1,Sunday,451,1280,11157,3371,3039582,Collagen F,0
2025-01-27,0,Monday,174,493,3467,1980,1093172,Vitamin C,0
2025-01-28,0,Tuesday,227,644,4734,1973,1277012,Vitamin C,0
2025-01-29,0,Wednesday,228,646,4758,2486,1415735,Supplement A,0
2025-01-30,0,Thursday,177,503,4058,2313,1196923,Skincare B,0
2025-01-31,0,Friday,232,657,5012,2267,1514832,Protein E,0
2025-02-01,0,Saturday,181,515,4189,2512,1377439,Detox I,0
2025-02-02,0,Sunday,180,511,3841,2235,1131919,Herbal D,0
2025-02-03,0,Monday,118,335,2934,1422,911077,Collagen F,0
2025-02-04,0,Tuesday,129,366,3867,2033,1122632,Collagen F,0
2025-02-05,0,Wednesday,153,435,3192,2018,1076605,Herbal D,0
2025-02-06,0,Thursday,145,410,3283,1900,1009495,Collagen F,0
2025-02-07,0,Friday,156,443,3429,2088,1164619,Skincare B,0
2025-02-08,0,Saturday,178,504,4582,2300,1457020,Supplement A,0
2025-02-09,0,Sunday,210,597,4205,2059,1184473,Protein E,0
2025-02-10,1,Monday,249,705,6340,1748,1527146,Protein E,0
2025-02-11,1,Tuesday,241,683,5957,2557,1692220,Supplement A,0
2025-02-12,1,Wednesday,270,766,7464,2385,2055352,Herbal D,0
2025-02-13,1,Thursday,298,845,6028,2641,1826125,Supplement A,0
2025-02-14,1,Friday,349,990,7204,2872,2042883,Collagen F,0
2025-02-15,1,Saturday,338,957,9160,3174,2373056,Skincare B,0
2025-02-16,1,Sunday,348,986,8830,2808,2205041,Herbal D,0
2025-02-17,0,Monday,105,299,3438,1295,942432,Collagen F,0
2025-02-18,0,Tuesday,129,365,3655,1799,1139561,Collagen F,0
2025-02-19,0,Wednesday,152,432,3340,1843,960786,Protein E,0
2025-02-20,0,Thursday,180,511,3224,1700,1006609,Supplement A,0
2025-02-21,0,Friday,166,471,3685,2076,1214059,Protein E,0
2025-02-22,0,Saturday,164,467,4577,2509,1496747,Vitamin C,0
2025-02-23,0,Sunday,202,573,4113,2116,1270728,Probiotic G,0
2025-02-24,0,Monday,109,309,3366,1430,891966,Vitamin C,0
2025-02-25,0,Tuesday,142,404,4114,1837,1242773,Collagen F,0
2025-02-26,0,Wednesday,132,374,4044,1943,1117439,Energy H,0
2025-02-27,0,Thursday,165,468,4053,1603,1108393,Herbal D,0
2025-02-28,0,Friday,159,453,3540,1995,1035101,Protein E,0
2025-03-01,0,Saturday,202,573,6046,2434,1597689,Vitamin C,0
2025-03-02,0,Sunday,241,685,4989,2771,1484440,Protein E,0
2025-03-03,0,Monday,132,375,3276,1594,1000331,Skincare B,0
2025-03-04,0,Tuesday,149,422,3939,2057,1203999,Supplement A,0
2025-03-05,0,Wednesday,190,539,4353,2086,1247671,Herbal D,0
2025-03-06,0,Thursday,196,556,4686,2258,1480643,Supplement A,0
2025-03-07,0,Friday,218,618,4409,1951,1347928,Skincare B,0
2025-03-08,0,Saturday,264,748,4673,2469,1470626,Vitamin C,0
2025-03-09,0,Sunday,237,672,4912,2534,1442998,Detox I,0
2025-03-10,0,Monday,149,423,3055,1638,930696,Herbal D,0
2025-03-11,0,Tuesday,164,464,3596,2300,1131854,Energy H,0
2025-03-12,0,Wednesday,186,528,4031,1972,1226902,Skincare B,0
2025-03-13,0,Thursday,183,519,4386,2283,1322847,Skincare B,0
2025-03-14,0,Friday,166,471,4862,2016,1326079,Vitamin C,0
2025-03-15,0,Saturday,265,753,5733,2292,1569638,Vitamin C,0
2025-03-16,0,Sunday,184,522,5513,2601,1570524,Detox I,0
2025-03-17,0,Monday,165,468,3640,1806,1032586,Skincare B,0
2025-03-18,0,Tuesday,148,420,3919,1841,1110598,Supplement A,0
2025-03-19,0,Wednesday,181,515,3569,1960,1079898,Skincare B,0
2025-03-20,1,Thursday,333,945,6900,2497,1997924,Vitamin C,0
2025-03-21,1,Friday,355,1006,7411,2833,1993549,Supplement A,0
2025-03-22,1,Saturday,457,1296,11235,3229,2981949,Vitamin C,0
2025-03-23,1,Sunday,359,1017,10274,3588,2803060,Supplement A,0
2025-03-24,1,Monday,279,792,7158,2168,1918119,Protein E,0
2025-03-25,1,Tuesday,376,1068,6856,2700,1856181,Vitamin C,0
2025-03-26,1,Wednesday,370,1048,7565,2335,1847844,Herbal D,0
2025-03-27,1,Thursday,339,962,7051,3008,1944785,Supplement A,0
2025-03-28,1,Friday,361,1023,8174,3022,2100608,Vitamin C,0
2025-03-29,1,Saturday,375,1064,9313,3515,2736238,Probiotic G,0
2025-03-30,1,Sunday,369,1047,8125,3476,2274827,Skincare B,0
2025-03-31,1,Monday,252,715,6106,2527,1823540,Supplement A,0
2025-04-01,1,Tuesday,357,1012,7574,3058,2223263,Skincare B,0
2025-04-02,1,Wednesday,366,1038,8792,2604,2414731,Supplement A,0
2025-04-03,1,Thursday,340,965,6750,2432,1829406,Probiotic G,0
2025-04-04,1,Friday,419,1188,7242,3277,2184621,Supplement A,0
2025-04-05,1,Saturday,409,1159,11097,3327,2908951,Protein E,0
2025-04-06,1,Sunday,425,1206,8110,2852,2153518,Herbal D,0
2025-04-07,1,Monday,229,649,7030,2437,1837709,Herbal D,0
2025-04-08,0,Tuesday,176,499,3579,1774,1032488,Energy H,0
2025-04-09,0,Wednesday,200,567,4138,2182,1338453,Vitamin C,0
2025-04-10,0,Thursday,178,505,4409,1927,1194846,Skincare B,0
2025-04-11,0,Friday,227,645,3923,2420,1284026,Herbal D,0
2025-04-12,0,Saturday,259,735,5551,2653,1688607,Supplement A,0
2025-04-13,0,Sunday,212,601,5040,2720,1473510,Supplement A,0
2025-04-14,0,Monday,138,393,3861,1544,1026405,Skincare B,0
2025-04-15,0,Tuesday,173,492,4696,1999,1296792,Vitamin C,0
2025-04-16,0,Wednesday,207,587,4198,2257,1229660,Supplement A,0
2025-04-17,0,Thursday,195,554,4237,2324,1376528,Protein E,0
2025-04-18,0,Friday,179,509,4769,2386,1344245,Herbal D,0
2025-04-19,0,Saturday,256,726,4573,2692,1425323,Vitamin C,0
2025-04-20,0,Sunday,199,565,5547,2174,1464184,Skincare B,0
2025-04-21,0,Monday,132,374,3888,1796,1193313,Vitamin C,0
2025-04-22,0,Tuesday,181,514,4252,2254,1225854,Vitamin C,0
2025-04-23,0,Wednesday,152,431,4589,2360,1385530,Skincare B,0
2025-04-24,0,Thursday,170,483,4588,2340,1405895,Collagen F,0
2025-04-25,0,Friday,182,518,4811,1943,1414539,Skincare B,0
2025-04-26,0,Saturday,259,735,4790,2463,1369078,Supplement A,0
2025-04-27,0,Sunday,179,509,5231,2685,1482920,Collagen F,0
2025-04-28,0,Monday,163,461,3003,1536,947705,Vitamin C,0
2025-04-29,0,Tuesday,151,428,3716,1942,1057974,Protein E,0
2025-04-30,0,Wednesday,196,556,4552,2363,1321885,Probiotic G,0
2025-05-01,1,Thursday,295,836,7420,2357,2056844,Energy H,0
2025-05-02,1,Friday,417,1183,8007,2607,2123002,Protein E,0
2025-05-03,1,Saturday,386,1095,10156,3027,2667501,Supplement A,0
2025-05-04,1,Sunday,353,1000,8323,2965,2393618,Vitamin C,0
2025-05-05,1,Monday,323,917,5676,2041,1544371,Protein E,0
2025-05-06,0,Tuesday,171,485,4316,2063,1363399,Supplement A,0
2025-05-07,0,Wednesday,170,483,4053,1922,1146164,Supplement A,0
2025-05-08,0,Thursday,211,599,3731,1857,1056564,Collagen F,0
2025-05-09,0,Friday,209,592,4621,1958,1281875,Supplement A,0
2025-05-10,0,Saturday,212,603,5549,2541,1733568,Vitamin C,0
2025-05-11,0,Sunday,217,614,4655,2748,1411482,Supplement A,0
2025-05-12,0,Monday,168,476,3469,1841,1010912,Immunity J,0
2025-05-13,0,Tuesday,179,509,3713,2066,1183287,Supplement A,0
2025-05-14,0,Wednesday,157,445,4087,2163,1175322,Energy H,0
2025-05-15,0,Thursday,211,599,3664,2407,1184809,Herbal D,0
2025-05-16,0,Friday,229,650,4037,2507,1353011,Skincare B,0
2025-05-17,0,Saturday,249,705,5529,2514,1678451,Herbal D,0
2025-05-18,0,Sunday,205,582,4940,2565,1479485,Vitamin C,0
2025-05-19,0,Monday,138,391,3783,1544,1025557,Vitamin C,0
2025-05-20,0,Tuesday,189,536,3757,1856,1047304,Supplement A,0
2025-05-21,0,Wednesday,192,545,4819,2036,1407853,Supplement A,0
2025-05-22,0,Thursday,188,535,3711,1842,1152515,Collagen F,0
2025-05-23,0,Friday,216,612,4153,2391,1306885,Skincare B,0
2025-05-24,0,Saturday,218,619,5991,2741,1864957,Supplement A,0
2025-05-25,0,Sunday,208,590,5607,2406,1558021,Skincare B,0
2025-05-26,0,Monday,148,419,3016,1784,1011891,Skincare B,0
2025-05-27,0,Tuesday,194,551,4217,1882,1259270,Vitamin C,0
2025-05-28,0,Wednesday,155,441,4451,2216,1370476,Herbal D,0
2025-05-29,0,Thursday,179,509,4680,2119,1337645,Vitamin C,0
2025-05-30,0,Friday,229,649,4730,2184,1481901,Skincare B,0
2025-05-31,0,Saturday,192,546,4678,2982,1497271,Protein E,0
2025-06-01,1,Sunday,348,987,10947,3227,2663585,Skincare B,0
2025-06-02,1,Monday,280,794,6585,2500,1748212,Herbal D,0
2025-06-03,1,Tuesday,367,1042,9329,2499,2296375,Skincare B,0
2025-06-04,1,Wednesday,294,834,7876,2840,2260015,Herbal D,0
2025-06-05,1,Thursday,407,1155,7729,3044,2183037,Detox I,0
2025-06-06,1,Friday,367,1042,8683,3173,2480865,Supplement A,0
2025-06-07,1,Saturday,484,1374,10120,3685,2870709,Skincare B,0
2025-06-08,1,Sunday,438,1241,9413,3330,2547434,Probiotic G,0
2025-06-09,1,Monday,326,925,7611,2414,1941047,Supplement A,0
2025-06-10,1,Tuesday,420,1191,8078,2642,2222112,Supplement A,0
2025-06-11,1,Wednesday,401,1136,7313,2739,1879905,Collagen F,0
2025-06-12,1,Thursday,353,1002,7602,3136,2196416,Skincare B,0
2025-06-13,1,Friday,427,1211,8815,3149,2285151,Vitamin C,0
2025-06-14,1,Saturday,477,1353,10515,3981,2760299,Supplement A,0
2025-06-15,1,Sunday,452,1281,10904,3480,2752933,Detox I,0
2025-06-16,0,Monday,174,493,3703,2115,1169310,Herbal D,0
2025-06-17,0,Tuesday,211,600,4417,2298,1368535,Vitamin C,0
2025-06-18,0,Wednesday,183,520,4032,2017,1243427,Skincare B,0
2025-06-19,0,Thursday,188,534,4264,2478,1260301,Supplement A,0
2025-06-20,0,Friday,202,572,5345,2542,1519772,Herbal D,0
2025-06-21,0,Saturday,239,677,5106,2620,1486232,Collagen F,0
2025-06-22,0,Sunday,225,638,5421,2611,1641802,Supplement A,0
2025-06-23,0,Monday,140,399,3338,1737,1061213,Protein E,0
2025-06-24,0,Tuesday,170,484,4993,2572,1509786,Supplement A,0
2025-06-25,0,Wednesday,218,619,3953,2327,1325175,Probiotic G,0
2025-06-26,0,Thursday,187,530,4333,2365,1257276,Energy H,0
2025-06-27,0,Friday,226,640,4354,2156,1347794,Energy H,0
2025-06-28,0,Saturday,249,708,6357,3283,2052805,Skincare B,0
2025-06-29,0,Sunday,260,737,4916,2365,1523189,Skincare B,0
2025-06-30,0,Monday,165,469,3630,2017,1084665,Vitamin C,0
2025-07-01,0,Tuesday,159,451,3852,2435,1245984,Skincare B,0
2025-07-02,0,Wednesday,188,535,4257,2054,1347154,Skincare B,0
2025-07-03,0,Thursday,178,504,4504,2432,1466152,Energy H,0
2025-07-04,0,Friday,187,532,4912,2529,1381289,Detox I,0
2025-07-05,0,Saturday,243,689,6029,2867,1896853,Protein E,0
2025-07-06,0,Sunday,238,676,4649,2561,1400744,Energy H,0
2025-07-07,1,Monday,267,757,7179,2013,1939590,Probiotic G,0
2025-07-08,1,Tuesday,325,922,8884,2649,2471980,Skincare B,0
2025-07-09,1,Wednesday,289,819,8679,2520,2142498,Probiotic G,0
2025-07-10,1,Thursday,390,1105,8227,3050,2345641,Vitamin C,0
2025-07-11,1,Friday,304,864,9491,3245,2715504,Vitamin C,0
2025-07-12,1,Saturday,420,1192,11175,3735,3150525,Collagen F,0
2025-07-13,1,Sunday,447,1267,9904,3240,2570383,Herbal D,0
2025-07-14,1,Monday,313,888,7046,2243,1726086,Supplement A,0
2025-07-15,1,Tuesday,357,1011,8235,2981,2120752,Vitamin C,0
2025-07-16,1,Wednesday,355,1007,7485,2399,1875337,Vitamin C,0
2025-07-17,1,Thursday,397,1125,8717,2960,2456943,Protein E,0
2025-07-18,0,Friday,219,621,4380,2300,1383128,Skincare B,0
2025-07-19,0,Saturday,251,711,6028,2991,1722267,Vitamin C,0
2025-07-20,0,Sunday,192,544,5634,2868,1798430,Skincare B,0
2025-07-21,0,Monday,177,502,4013,1859,1196706,Probiotic G,0
2025-07-22,0,Tuesday,215,610,3904,2275,1174397,Vitamin C,0
2025-07-23,0,Wednesday,179,508,3984,1882,1149956,Energy H,0
2025-07-24,0,Thursday,158,449,4576,2105,1420378,Vitamin C,0
2025-07-25,0,Friday,211,598,4108,2468,1254150,Probiotic G,0
2025-07-26,0,Saturday,259,735,5150,2745,1491412,Probiotic G,0
2025-07-27,0,Sunday,225,638,5825,2370,1682561,Vitamin C,0
2025-07-28,0,Monday,147,419,3189,1671,937270,Herbal D,0
2025-07-29,0,Tuesday,211,598,4132,2269,1272166,Supplement A,0
2025-07-30,0,Wednesday,160,453,4073,2275,1305184,Protein E,0
2025-07-31,0,Thursday,198,561,4607,1994,1240053,Supplement A,0
2025-08-01,0,Friday,187,530,4278,2608,1479816,Energy H,0
2025-08-02,0,Saturday,275,781,5673,2960,1608892,Skincare B,0
2025-08-03,0,Sunday,227,643,4780,2460,1419959,Detox I,0
2025-08-04,0,Monday,156,443,3661,1659,1064597,Energy H,0
2025-08-05,0,Tuesday,209,594,3832,2036,1178955,Supplement A,0
2025-08-06,0,Wednesday,159,451,3720,1914,1189621,Collagen F,0
2025-08-07,0,Thursday,201,570,4862,2015,1453165,Herbal D,0
2025-08-08,0,Friday,218,618,4327,2197,1381653,Skincare B,0
2025-08-09,0,Saturday,278,789,5957,2471,1774861,Protein E,0
2025-08-10,0,Sunday,241,684,4408,2277,1282823,Supplement A,0
2025-08-11,1,Monday,259,735,7035,2248,1994508,Energy H,0
2025-08-12,1,Tuesday,285,809,7642,2935,2110703,Vitamin C,0
2025-08-13,1,Wednesday,384,1090,8867,2451,2125603,Probiotic G,0
2025-08-14,1,Thursday,303,858,7195,2771,1925269,Probiotic G,0
2025-08-15,1,Friday,381,1080,8848,3408,2460765,Herbal D,0
2025-08-16,1,Saturday,425,1205,8933,3824,2619104,Probiotic G,0
2025-08-17,1,Sunday,335,950,9949,3441,2635488,Herbal D,0
2025-08-18,1,Monday,330,937,7310,2058,1755862,Collagen F,0
2025-08-19,1,Tuesday,362,1027,7890,3145,2238186,Supplement A,0
2025-08-20,1,Wednesday,400,1136,8377,3143,2243490,Protein E,0
2025-08-21,1,Thursday,372,1054,9103,2826,2282506,Supplement A,0
2025-08-22,0,Friday,210,596,4426,2025,1207122,Energy H,0
2025-08-23,0,Saturday,227,644,5373,2503,1685081,Probiotic G,0
2025-08-24,0,Sunday,186,528,5650,2296,1655825,Skincare B,0
2025-08-25,0,Monday,168,476,3761,1593,1069329,Vitamin C,0
2025-08-26,0,Tuesday,206,584,4085,2286,1203727,Protein E,0
2025-08-27,0,Wednesday,207,589,4350,2160,1377271,Vitamin C,0
2025-08-28,0,Thursday,190,538,4235,2334,1375087,Herbal D,0
2025-08-29,0,Friday,195,555,4579,2018,1288079,Vitamin C,0
2025-08-30,0,Saturday,214,607,5862,2488,1668828,Herbal D,0
2025-08-31,0,Sunday,221,627,4798,2511,1551088,Vitamin C,0
2025-09-01,1,Monday,249,706,5919,2583,1787512,Vitamin C,0
2025-09-02,1,Tuesday,318,903,6940,2425,1745194,Supplement A,0
2025-09-03,1,Wednesday,334,949,7055,2912,2013875,Skincare B,0
2025-09-04,1,Thursday,313,889,7026,2782,1848004,Protein E,0
2025-09-05,1,Friday,329,932,7852,2906,2017111,Probiotic G,0
2025-09-06,1,Saturday,408,1158,10559,3511,2885866,Herbal D,0
2025-09-07,1,Sunday,372,1054,10817,3648,2757256,Supplement A,0
2025-09-08,1,Monday,311,882,6884,2567,1778582,Vitamin C,0
2025-09-09,1,Tuesday,283,803,7120,2509,1919190,Protein E,0
2025-09-10,1,Wednesday,390,1106,9172,2869,2403403,Herbal D,0
2025-09-11,1,Thursday,403,1144,7713,2929,2189153,Skincare B,0
2025-09-12,0,Friday,187,530,4171,2007,1163671,Supplement A,0
2025-09-13,0,Saturday,279,791,6172,2543,1781857,Herbal D,0
2025-09-14,0,Sunday,215,609,5332,2792,1549469,Skincare B,0
2025-09-15,0,Monday,152,433,3587,1548,975563,Supplement A,0
2025-09-16,0,Tuesday,200,567,4963,2159,1501274,Herbal D,0
2025-09-17,0,Wednesday,166,472,4448,2397,1276781,Supplement A,0
2025-09-18,0,Thursday,195,554,4637,2493,1500569,Protein E,0
2025-09-19,0,Friday,208,591,4785,2206,1395577,Vitamin C,0
2025-09-20,0,Saturday,247,700,5769,2941,1824750,Vitamin C,0
2025-09-21,0,Sunday,237,673,5191,2513,1498239,Supplement A,0
2025-09-22,0,Monday,177,502,3531,1796,1064567,Energy H,0
2025-09-23,0,Tuesday,176,500,4623,1868,1256919,Supplement A,0
2025-09-24,0,Wednesday,176,500,4015,1999,1276604,Skincare B,0
2025-09-25,0,Thursday,194,549,4816,2286,1341814,Skincare B,0
2025-09-26,0,Friday,217,616,5368,2594,1633748,Protein E,0
2025-09-27,0,Saturday,265,751,6096,3085,1869759,Skincare B,0
2025-09-28,0,Sunday,240,682,5415,2291,1471726,Herbal D,0
2025-09-29,0,Monday,133,377,3537,2083,1090895,Supplement A,0
2025-09-30,0,Tuesday,156,444,3740,2436,1208713,Supplement A,0
2025-10-01,0,Wednesday,209,593,4891,1880,1265567,Vitamin C,0
2025-10-02,0,Thursday,195,553,3877,2006,1133858,Skincare B,0
2025-10-03,0,Friday,192,544,4083,2631,1295968,Supplement A,0
2025-10-04,0,Saturday,256,726,5629,2944,1767685,Energy H,0
2025-10-05,0,Sunday,216,613,5100,2848,1496830,Supplement A,0
2025-10-06,1,Monday,299,849,7294,2638,2082822,Supplement A,0
2025-10-07,1,Tuesday,298,844,8420,3115,2449221,Supplement A,0
2025-10-08,1,Wednesday,321,910,7964,2809,2229758,Supplement A,0
2025-10-09,1,Thursday,365,1036,7706,2500,2147932,Vitamin C,0
2025-10-10,1,Friday,364,1031,9467,2799,2566959,Skincare B,0
2025-10-11,1,Saturday,445,1263,9093,3455,2605533,Skincare B,0
2025-10-12,1,Sunday,434,1231,8575,3564,2399293,Skincare B,0
2025-10-13,1,Monday,320,907,6562,2267,1754874,Probiotic G,0
2025-10-14,0,Tuesday,208,589,4207,1884,1153437,Supplement A,0
2025-10-15,0,Wednesday,208,591,4974,1921,1340692,Detox I,0
2025-10-16,0,Thursday,165,468,3813,2366,1265491,Herbal D,0
2025-10-17,0,Friday,232,659,4114,2465,1357912,Protein E,0
2025-10-18,0,Saturday,242,687,5279,2729,1645052,Herbal D,0
2025-10-19,0,Sunday,206,585,5563,2911,1569698,Skincare B,0
2025-10-20,0,Monday,157,447,4108,1933,1198447,Supplement A,0
2025-10-21,0,Tuesday,191,542,4777,2298,1456913,Probiotic G,0
2025-10-22,0,Wednesday,207,588,4272,1999,1216862,Supplement A,0
2025-10-23,0,Thursday,177,502,4696,2358,1331655,Immunity J,0
2025-10-24,0,Friday,187,532,4172,2413,1321214,Collagen F,0
2025-10-25,0,Saturday,211,600,4836,3067,1602531,Skincare B,0
2025-10-26,0,Sunday,244,693,5548,2977,1605370,Supplement A,0
2025-10-27,0,Monday,149,423,3794,1747,1033019,Protein E,0
2025-10-28,0,Tuesday,163,462,4138,2359,1290267,Detox I,0
2025-10-29,0,Wednesday,209,593,5052,2246,1545936,Herbal D,0
2025-10-30,0,Thursday,191,541,4533,2104,1284498,Collagen F,0
2025-10-31,0,Friday,219,622,5007,2533,1512448,Skincare B,0
2025-11-01,0,Saturday,249,707,6362,3405,1912749,Supplement A,0
2025-11-02,0,Sunday,264,748,6289,2503,1642924,Probiotic G,0
2025-11-03,0,Monday,171,484,3963,1935,1184245,Herbal D,0
2025-11-04,0,Tuesday,209,593,4701,2255,1390955,Vitamin C,0
2025-11-05,0,Wednesday,203,576,5483,2420,1692808,Collagen F,0
2025-11-06,0,Thursday,181,514,4313,2582,1302338,Protein E,0
2025-11-07,0,Friday,254,720,4645,2397,1402771,Protein E,0
2025-11-08,0,Saturday,309,876,5976,3531,1930377,Vitamin C,0
2025-11-09,0,Sunday,212,601,5859,2472,1579550,Skincare B,0
2025-11-10,1,Monday,376,1066,7025,2571,2003031,Supplement A,0
2025-11-11,1,Tuesday,398,1127,7779,3480,2383211,Supplement A,0
2025-11-12,1,Wednesday,430,1218,8969,2760,2292544,Probiotic G,0
2025-11-13,1,Thursday,374,1060,9199,3175,2623394,Collagen F,0
2025-11-14,1,Friday,413,1170,10366,3470,2875930,Vitamin C,0
2025-11-15,1,Saturday,487,1380,11355,3927,3224354,Skincare B,0
2025-11-16,1,Sunday,504,1430,11155,3577,2828318,Skincare B,0
2025-11-17,1,Monday,325,921,8507,2890,2360060,Herbal D,0
2025-11-18,1,Tuesday,437,1238,9574,3185,2665160,Protein E,0
2025-11-19,1,Wednesday,394,1118,7998,3174,2131313,Herbal D,0
2025-11-20,1,Thursday,397,1125,7808,3185,2096165,Vitamin C,0
2025-11-21,0,Friday,257,730,4666,2977,1455168,Supplement A,0
2025-11-22,0,Saturday,295,836,5766,3314,1921597,Vitamin C,0
2025-11-23,0,Sunday,273,776,5941,2793,1627576,Probiotic G,0
2025-11-24,0,Monday,143,407,3973,1973,1253354,Skincare B,0
2025-11-25,0,Tuesday,190,540,4316,2147,1228258,Supplement A,0
2025-11-26,0,Wednesday,190,540,4281,2299,1297696,Supplement A,0
2025-11-27,0,Thursday,217,617,4627,2095,1255367,Skincare B,0
2025-11-28,0,Friday,211,599,5137,2498,1498486,Collagen F,0
2025-11-29,0,Saturday,231,655,5696,3363,1835180,Vitamin C,0
2025-11-30,0,Sunday,269,763,5568,2550,1516596,Vitamin C,0
2025-12-01,0,Monday,180,510,4332,2116,1238094,Probiotic G,0
2025-12-02,0,Tuesday,206,584,5975,2760,1680522,Herbal D,0
2025-12-03,0,Wednesday,247,702,4939,2550,1404316,Herbal D,0
2025-12-04,0,Thursday,200,569,5985,2524,1825684,Collagen F,0
2025-12-05,0,Friday,246,697,5540,3184,1732169,Supplement A,0
2025-12-06,0,Saturday,284,805,7385,3148,2255773,Supplement A,0
2025-12-07,0,Sunday,307,870,6164,3189,1965856,Skincare B,0
2025-12-08,1,Monday,327,927,8387,2862,2253285,Supplement A,0
2025-12-09,1,Tuesday,452,1282,9906,3162,2572555,Supplement A,0
2025-12-10,1,Wednesday,362,1027,9889,3141,2579404,Herbal D,0
2025-12-11,1,Thursday,485,1375,9196,3548,2488636,Skincare B,0
2025-12-12,1,Friday,491,1392,10358,3358,2941953,Skincare B,0
2025-12-13,1,Saturday,526,1490,12829,3683,3397432,Herbal D,0
2025-12-14,1,Sunday,404,1144,11406,4452,3253763,Vitamin C,0
2025-12-15,1,Monday,395,1121,8574,3016,2331258,Collagen F,0
2025-12-16,1,Tuesday,439,1246,8505,2895,2393572,Protein E,0
2025-12-17,1,Wednesday,443,1256,9312,3686,2727292,Skincare B,0
2025-12-18,1,Thursday,369,1045,10528,3570,2611695,Vitamin C,0
2025-12-19,1,Friday,522,1479,10351,3337,2540403,Skincare B,0
2025-12-20,1,Saturday,615,1745,11947,3786,3200143,Skincare B,1
2025-12-21,1,Sunday,531,1506,10590,3973,2852745,Skincare B,0
2025-12-22,0,Monday,214,608,4648,1997,1268414,Collagen F,0
2025-12-23,0,Tuesday,217,616,5859,2691,1708463,Herbal D,0
2025-12-24,0,Wednesday,239,677,5379,2782,1648148,Supplement A,0
2025-12-25,0,Thursday,195,555,4588,2448,1421955,Skincare B,0
2025-12-26,0,Friday,246,697,6183,2586,1800620,Immunity J,0
2025-12-27,0,Saturday,309,877,6824,3128,2008348,Vitamin C,0
2025-12-28,0,Sunday,309,875,6495,3529,1870036,Energy H,0
2025-12-29,0,Monday,183,519,5035,2043,1453858,Vitamin C,0
2025-12-30,0,Tuesday,215,609,5694,2946,1656602,Skincare B,0
2025-12-31,0,Wednesday,219,623,5203,2250,1422317,Supplement A,0
2026-01-01,0,Thursday,220,625,4303,2687,1498256,Vitamin C,0
2026-01-02,0,Friday,196,557,5013,2437,1447715,Herbal D,0
2026-01-03,0,Saturday,235,666,6387,3509,2006670,Herbal D,0
2026-01-04,0,Sunday,238,676,5481,2614,1555460,Skincare B,0
2026-01-05,0,Monday,150,425,3960,2268,1328472,Collagen F,0
2026-01-06,0,Tuesday,224,636,5422,2606,1624610,Supplement A,0
2026-01-07,0,Wednesday,181,513,4321,2371,1408202,Supplement A,0
2026-01-08,0,Thursday,186,528,5658,2469,1576996,Herbal D,0
2026-01-09,0,Friday,196,556,5719,2763,1644214,Skincare B,0
2026-01-10,0,Saturday,235,667,6923,2960,2006123,Protein E,0
2026-01-11,0,Sunday,209,593,5729,3230,1893915,Herbal D,0
2026-01-12,1,Monday,312,884,8740,2899,2311764,Skincare B,0
2026-01-13,1,Tuesday,354,1005,8201,3313,2153421,Collagen F,0
2026-01-14,1,Wednesday,355,1006,9518,3354,2480287,Vitamin C,0
2026-01-15,1,Thursday,431,1222,9161,2974,2535132,Supplement A,0
2026-01-16,1,Friday,402,1139,9870,3961,2871747,Skincare B,0
2026-01-17,1,Saturday,582,1649,12916,3690,3225885,Skincare B,0
2026-01-18,1,Sunday,449,1272,9377,3904,2727240,Supplement A,0
2026-01-19,1,Monday,332,942,8518,2965,2269750,Supplement A,0
2026-01-20,1,Tuesday,356,1010,10470,3503,2728180,Protein E,0
2026-01-21,1,Wednesday,427,1212,10679,3324,2729665,Herbal D,0
2026-01-22,1,Thursday,466,1322,9657,3149,2431454,Vitamin C,0
2026-01-23,0,Friday,257,730,4701,2495,1332058,Skincare B,0
2026-01-24,0,Saturday,249,708,6700,2977,2003502,Energy H,0
2026-01-25,0,Sunday,239,679,6386,2715,1733989,Detox I,0
2026-01-26,0,Monday,170,483,3655,1800,1028025,Skincare B,0
2026-01-27,0,Tuesday,192,545,5180,2726,1473023,Supplement A,0
2026-01-28,0,Wednesday,192,546,4558,2818,1523624,Skincare B,0
2026-01-29,0,Thursday,220,625,4566,2164,1415227,Energy H,0
2026-01-30,0,Friday,193,548,5749,2630,1748047,Supplement A,0
2026-01-31,0,Saturday,320,909,6093,2983,1899467,Protein E,0
2026-02-01,0,Sunday,232,659,5360,2694,1703017,Probiotic G,0
2026-02-02,0,Monday,119,337,2947,1859,1003718,Supplement A,0
2026-02-03,0,Tuesday,162,461,3825,2047,1258425,Skincare B,0
2026-02-04,0,Wednesday,142,404,4115,1802,1189695,Collagen F,0
2026-02-05,0,Thursday,159,453,3444,2165,1184539,Probiotic G,0
2026-02-06,0,Friday,215,609,4794,1961,1266172,Vitamin C,0
2026-02-07,0,Saturday,231,654,4429,2553,1449038,Herbal D,0
2026-02-08,0,Sunday,201,572,4695,2323,1366086,Skincare B,0
2026-02-09,1,Monday,280,794,6509,2111,1664091,Vitamin C,0
2026-02-10,1,Tuesday,363,1030,7553,2194,1867386,Supplement A,0
2026-02-11,1,Wednesday,357,1011,7140,2401,2019460,Herbal D,0
2026-02-12,1,Thursday,365,1035,7093,2589,1830187,Supplement A,0
2026-02-13,1,Friday,334,947,7609,2824,2075724,Herbal D,0
2026-02-14,1,Saturday,393,1115,9349,3176,2619417,Skincare B,0
2026-02-15,1,Sunday,357,1012,7868,2771,2174192,Skincare B,0
2026-02-16,0,Monday,120,341,3651,1661,1085292,Collagen F,0
2026-02-17,0,Tuesday,197,558,3509,1738,976720,Supplement A,0
2026-02-18,0,Wednesday,152,431,3786,1877,1186211,Protein E,0
2026-02-19,0,Thursday,157,445,4238,2294,1404067,Collagen F,0
2026-02-20,0,Friday,200,568,4845,1838,1296396,Collagen F,0
2026-02-21,0,Saturday,241,684,4964,2483,1507262,Protein E,0
2026-02-22,0,Sunday,199,566,4732,2541,1378076,Skincare B,0
2026-02-23,0,Monday,128,363,3564,1645,1044273,Collagen F,0
2026-02-24,0,Tuesday,187,530,4263,1975,1302228,Skincare B,0
2026-02-25,0,Wednesday,152,430,4322,2117,1231700,Vitamin C,0
2026-02-26,0,Thursday,174,495,3848,2046,1113084,Energy H,0
2026-02-27,0,Friday,152,431,4722,2376,1385491,Vitamin C,0
2026-02-28,0,Saturday,234,663,4972,2774,1557938,Skincare B,0
2026-03-01,0,Sunday,190,539,5825,3023,1677675,Energy H,0
2026-03-02,0,Monday,151,430,3922,1946,1192583,Probiotic G,0
2026-03-03,0,Tuesday,228,648,4146,2200,1275766,Supplement A,0
2026-03-04,0,Wednesday,167,474,4646,2242,1459169,Supplement A,0
2026-03-05,0,Thursday,167,474,4624,1956,1353313,Vitamin C,0
2026-03-06,0,Friday,186,529,4282,2800,1370469,Skincare B,0
2026-03-07,0,Saturday,264,748,5077,2528,1525228,Supplement A,0
2026-03-08,0,Sunday,260,737,5232,2411,1439347,Vitamin C,0
2026-03-09,0,Monday,160,455,3293,2149,1148104,Supplement A,0
2026-03-10,0,Tuesday,174,494,4465,2422,1372189,Herbal D,0
2026-03-11,0,Wednesday,226,641,4679,2281,1430593,Skincare B,0
2026-03-12,0,Thursday,160,455,4071,1981,1192105,Collagen F,0
2026-03-13,0,Friday,213,603,5532,2743,1645120,Herbal D,0
2026-03-14,0,Saturday,271,769,5468,3253,1732768,Protein E,0
2026-03-15,0,Sunday,248,703,5058,2784,1641327,Supplement A,0
2026-03-16,1,Monday,273,774,7850,2594,2075586,Energy H,0
2026-03-17,1,Tuesday,320,908,8621,2829,2443093,Skincare B,0
2026-03-18,1,Wednesday,410,1162,7876,3035,2114079,Energy H,0
2026-03-19,1,Thursday,388,1099,9015,2675,2335716,Immunity J,0
2026-03-20,1,Friday,398,1129,10486,2757,2491759,Collagen F,0
2026-03-21,1,Saturday,434,1231,10664,3466,2828570,Vitamin C,0
2026-03-22,1,Sunday,362,1025,10562,3711,2803712,Protein E,0
2026-03-23,1,Monday,339,961,6804,2072,1672597,Energy H,0
2026-03-24,1,Tuesday,340,963,9093,2914,2245874,Herbal D,0
2026-03-25,1,Wednesday,329,932,9607,2612,2561258,Probiotic G,0
2026-03-26,1,Thursday,319,906,7242,2577,1903161,Vitamin C,0
2026-03-27,1,Friday,376,1066,7987,3414,2340870,Supplement A,0
2026-03-28,0,Saturday,238,675,5362,2521,1617996,Supplement A,0
2026-03-29,0,Sunday,248,702,5950,2954,1818467,Protein E,0
2026-03-30,0,Monday,186,527,3677,1791,1020178,Supplement A,0
2026-03-31,0,Tuesday,215,610,4949,2585,1478467,Skincare B,0
2026-04-01,0,Wednesday,167,474,4475,2628,1385891,Supplement A,0
2026-04-02,0,Thursday,208,590,4200,2555,1411171,Collagen F,0
2026-04-03,0,Friday,186,529,4457,2413,1293143,Skincare B,0
2026-04-04,0,Saturday,257,728,5324,2677,1610209,Energy H,0
2026-04-05,0,Sunday,200,567,4949,2590,1433982,Vitamin C,0
2026-04-06,1,Monday,282,799,6812,2407,1723773,Collagen F,0
2026-04-07,1,Tuesday,383,1086,8158,2556,2052339,Skincare B,0
2026-04-08,1,Wednesday,377,1068,9725,2587,2475764,Immunity J,0
2026-04-09,1,Thursday,410,1161,7659,3344,2233565,Detox I,0
2026-04-10,1,Friday,421,1193,9668,3625,2735853,Skincare B,0
2026-04-11,1,Saturday,489,1385,12134,3558,3303897,Vitamin C,0
2026-04-12,1,Sunday,404,1146,10360,3559,2734681,Herbal D,0
2026-04-13,1,Monday,273,774,7244,2799,1928036,Herbal D,0
2026-04-14,0,Tuesday,225,638,4334,2463,1411854,Herbal D,0
2026-04-15,0,Wednesday,165,470,4426,2159,1248187,Supplement A,0
2026-04-16,0,Thursday,164,465,5185,2368,1611631,Protein E,0
2026-04-17,0,Friday,199,566,4639,2592,1502708,Vitamin C,0
2026-04-18,0,Saturday,295,838,6153,2758,1654868,Probiotic G,0
2026-04-19,0,Sunday,218,619,5012,2748,1646663,Protein E,0
2026-04-20,0,Monday,148,422,4037,2037,1234491,Skincare B,0
2026-04-21,0,Tuesday,184,523,4526,1961,1369379,Supplement A,0
2026-04-22,0,Wednesday,175,497,4793,2056,1309026,Supplement A,0
2026-04-23,0,Thursday,204,578,5066,2602,1472940,Supplement A,0
2026-04-24,0,Friday,230,653,4697,2654,1413948,Supplement A,0
2026-04-25,0,Saturday,230,651,5522,2905,1719681,Skincare B,0
2026-04-26,0,Sunday,256,727,4756,3106,1548399,Supplement A,0
2026-04-27,0,Monday,160,455,3835,2049,1222752,Collagen F,0
2026-04-28,0,Tuesday,218,619,3949,2225,1300375,Collagen F,0
2026-04-29,0,Wednesday,227,645,4747,2067,1409131,Skincare B,0
2026-04-30,0,Thursday,195,553,4552,2221,1376143,Supplement A,0
2026-05-01,1,Friday,343,973,9141,2861,2288646,Supplement A,0
2026-05-02,1,Saturday,468,1328,11677,3774,3287520,Energy H,0
2026-05-03,1,Sunday,505,1432,9702,3478,2691770,Herbal D,0
2026-05-04,1,Monday,294,833,6114,2765,1745121,Herbal D,0
2026-05-05,1,Tuesday,326,924,8388,2741,2363717,Protein E,0
2026-05-06,1,Wednesday,367,1042,8524,3126,2398661,Protein E,0
2026-05-07,1,Thursday,422,1198,9160,2731,2212144,Collagen F,0
2026-05-08,1,Friday,414,1175,9732,3386,2680794,Skincare B,0
2026-05-09,0,Saturday,249,707,6244,2743,1824940,Energy H,0
2026-05-10,0,Sunday,262,744,4662,2952,1555783,Energy H,0
2026-05-11,0,Monday,158,449,3941,2152,1221988,Supplement A,0
2026-05-12,0,Tuesday,192,546,5088,2143,1403295,Detox I,0
2026-05-13,0,Wednesday,209,594,4468,2182,1312365,Probiotic G,0
2026-05-14,0,Thursday,214,608,4061,2411,1348122,Skincare B,0
2026-05-15,0,Friday,186,529,5378,2825,1615491,Skincare B,0
2026-05-16,0,Saturday,298,846,6496,2522,1687224,Protein E,0
2026-05-17,0,Sunday,236,670,5724,2926,1644529,Skincare B,0
2026-05-18,0,Monday,177,501,3500,1740,1118501,Vitamin C,0
2026-05-19,0,Tuesday,221,627,4201,2012,1183463,Collagen F,0
2026-05-20,0,Wednesday,181,514,5199,2256,1519367,Herbal D,0
2026-05-21,0,Thursday,225,638,4176,2176,1247099,Skincare B,0
2026-05-22,0,Friday,202,574,5142,2490,1565965,Supplement A,0
2026-05-23,0,Saturday,214,607,6392,2532,1806872,Detox I,0
2026-05-24,0,Sunday,200,568,5517,2335,1594659,Detox I,0
2026-05-25,0,Monday,180,512,4355,1912,1222760,Vitamin C,0
2026-05-26,0,Tuesday,189,537,5190,2671,1646922,Energy H,0
2026-05-27,0,Wednesday,211,597,4478,2015,1270555,Skincare B,0
2026-05-28,0,Thursday,170,483,4588,2462,1457634,Probiotic G,0
2026-05-29,0,Friday,187,530,5175,2789,1540110,Protein E,0
2026-05-30,0,Saturday,284,804,5718,3082,1801943,Vitamin C,0
2026-05-31,0,Sunday,227,645,4975,3145,1735458,Collagen F,0
2026-06-01,1,Monday,268,759,7256,2263,1991629,Skincare B,0
2026-06-02,1,Tuesday,383,1086,9420,3063,2538764,Supplement A,0
2026-06-03,1,Wednesday,381,1079,10312,3566,2978304,Probiotic G,0
2026-06-04,1,Thursday,448,1270,9774,2963,2430885,Supplement A,0
2026-06-05,1,Friday,425,1206,10078,3778,2773127,Supplement A,0
2026-06-06,1,Saturday,554,1571,10998,4256,3073107,Probiotic G,0
2026-06-07,1,Sunday,406,1153,10610,3300,2849870,Skincare B,0
2026-06-08,1,Monday,291,825,8163,2750,2048184,Vitamin C,0
2026-06-09,1,Tuesday,422,1196,8211,3570,2498508,Collagen F,0
2026-06-10,1,Wednesday,352,998,8481,3141,2462996,Supplement A,0
2026-06-11,1,Thursday,340,965,9243,3378,2369128,Protein E,0
2026-06-12,1,Friday,480,1360,11162,3692,3015664,Herbal D,0
2026-06-13,1,Saturday,479,1359,12479,4339,3303887,Herbal D,0
2026-06-14,1,Sunday,473,1341,11957,4083,3074972,Supplement A,0
2026-06-15,0,Monday,149,424,3602,2202,1236927,Protein E,0
2026-06-16,0,Tuesday,182,518,4754,2737,1600242,Herbal D,0
2026-06-17,0,Wednesday,174,493,4301,2502,1431443,Detox I,0
2026-06-18,0,Thursday,198,562,4752,2610,1537899,Vitamin C,0
2026-06-19,0,Friday,237,673,4905,2591,1507811,Vitamin C,0
